2025-12-24 11:04:40.914 +02:00 [WRN] No store type was specified for the decimal property 'Price' on entity type 'MenuItem'. This will cause values to be silently truncated if they do not fit in the default precision and scale. Explicitly specify the SQL server column type that can accommodate all the values in 'OnModelCreating' using 'HasColumnType', specify precision and scale using 'HasPrecision', or configure a value converter using 'HasConversion'.
2025-12-24 11:04:40.939 +02:00 [WRN] No store type was specified for the decimal property 'TotalPrice' on entity type 'Order'. This will cause values to be silently truncated if they do not fit in the default precision and scale. Explicitly specify the SQL server column type that can accommodate all the values in 'OnModelCreating' using 'HasColumnType', specify precision and scale using 'HasPrecision', or configure a value converter using 'HasConversion'.
2025-12-24 11:04:40.939 +02:00 [WRN] No store type was specified for the decimal property 'UnitPrice' on entity type 'OrderItem'. This will cause values to be silently truncated if they do not fit in the default precision and scale. Explicitly specify the SQL server column type that can accommodate all the values in 'OnModelCreating' using 'HasColumnType', specify precision and scale using 'HasPrecision', or configure a value converter using 'HasConversion'.
2025-12-24 11:04:41.012 +02:00 [WRN] No store type was specified for the decimal property 'Price' on entity type 'MenuItem'. This will cause values to be silently truncated if they do not fit in the default precision and scale. Explicitly specify the SQL server column type that can accommodate all the values in 'OnModelCreating' using 'HasColumnType', specify precision and scale using 'HasPrecision', or configure a value converter using 'HasConversion'.
2025-12-24 11:04:41.012 +02:00 [WRN] No store type was specified for the decimal property 'TotalPrice' on entity type 'Order'. This will cause values to be silently truncated if they do not fit in the default precision and scale. Explicitly specify the SQL server column type that can accommodate all the values in 'OnModelCreating' using 'HasColumnType', specify precision and scale using 'HasPrecision', or configure a value converter using 'HasConversion'.
2025-12-24 11:04:41.012 +02:00 [WRN] No store type was specified for the decimal property 'UnitPrice' on entity type 'OrderItem'. This will cause values to be silently truncated if they do not fit in the default precision and scale. Explicitly specify the SQL server column type that can accommodate all the values in 'OnModelCreating' using 'HasColumnType', specify precision and scale using 'HasPrecision', or configure a value converter using 'HasConversion'.
2025-12-24 11:04:50.312 +02:00 [WRN] No store type was specified for the decimal property 'Price' on entity type 'MenuItem'. This will cause values to be silently truncated if they do not fit in the default precision and scale. Explicitly specify the SQL server column type that can accommodate all the values in 'OnModelCreating' using 'HasColumnType', specify precision and scale using 'HasPrecision', or configure a value converter using 'HasConversion'.
2025-12-24 11:04:50.330 +02:00 [WRN] No store type was specified for the decimal property 'TotalPrice' on entity type 'Order'. This will cause values to be silently truncated if they do not fit in the default precision and scale. Explicitly specify the SQL server column type that can accommodate all the values in 'OnModelCreating' using 'HasColumnType', specify precision and scale using 'HasPrecision', or configure a value converter using 'HasConversion'.
2025-12-24 11:04:50.330 +02:00 [WRN] No store type was specified for the decimal property 'UnitPrice' on entity type 'OrderItem'. This will cause values to be silently truncated if they do not fit in the default precision and scale. Explicitly specify the SQL server column type that can accommodate all the values in 'OnModelCreating' using 'HasColumnType', specify precision and scale using 'HasPrecision', or configure a value converter using 'HasConversion'.
2025-12-24 11:04:50.547 +02:00 [WRN] No store type was specified for the decimal property 'Price' on entity type 'MenuItem'. This will cause values to be silently truncated if they do not fit in the default precision and scale. Explicitly specify the SQL server column type that can accommodate all the values in 'OnModelCreating' using 'HasColumnType', specify precision and scale using 'HasPrecision', or configure a value converter using 'HasConversion'.
2025-12-24 11:04:50.547 +02:00 [WRN] No store type was specified for the decimal property 'TotalPrice' on entity type 'Order'. This will cause values to be silently truncated if they do not fit in the default precision and scale. Explicitly specify the SQL server column type that can accommodate all the values in 'OnModelCreating' using 'HasColumnType', specify precision and scale using 'HasPrecision', or configure a value converter using 'HasConversion'.
2025-12-24 11:04:50.547 +02:00 [WRN] No store type was specified for the decimal property 'UnitPrice' on entity type 'OrderItem'. This will cause values to be silently truncated if they do not fit in the default precision and scale. Explicitly specify the SQL server column type that can accommodate all the values in 'OnModelCreating' using 'HasColumnType', specify precision and scale using 'HasPrecision', or configure a value converter using 'HasConversion'.
2025-12-24 11:04:50.789 +02:00 [INF] Executed DbCommand (187ms) [Parameters=[], CommandType='"Text"', CommandTimeout='60']
CREATE DATABASE [SmartRestaurant];
2025-12-24 11:04:50.970 +02:00 [INF] Executed DbCommand (178ms) [Parameters=[], CommandType='"Text"', CommandTimeout='60']
IF SERVERPROPERTY('EngineEdition') <> 5
BEGIN
    ALTER DATABASE [SmartRestaurant] SET READ_COMMITTED_SNAPSHOT ON;
END;
2025-12-24 11:04:50.982 +02:00 [INF] Executed DbCommand (4ms) [Parameters=[], CommandType='"Text"', CommandTimeout='30']
SELECT 1
2025-12-24 11:04:51.022 +02:00 [INF] Executed DbCommand (12ms) [Parameters=[], CommandType='"Text"', CommandTimeout='30']
CREATE TABLE [__EFMigrationsHistory] (
    [MigrationId] nvarchar(150) NOT NULL,
    [ProductVersion] nvarchar(32) NOT NULL,
    CONSTRAINT [PK___EFMigrationsHistory] PRIMARY KEY ([MigrationId])
);
2025-12-24 11:04:51.024 +02:00 [INF] Executed DbCommand (1ms) [Parameters=[], CommandType='"Text"', CommandTimeout='30']
SELECT 1
2025-12-24 11:04:51.032 +02:00 [INF] Executed DbCommand (6ms) [Parameters=[], CommandType='"Text"', CommandTimeout='30']
SELECT OBJECT_ID(N'[__EFMigrationsHistory]');
2025-12-24 11:04:51.039 +02:00 [INF] Executed DbCommand (6ms) [Parameters=[], CommandType='"Text"', CommandTimeout='30']
SELECT [MigrationId], [ProductVersion]
FROM [__EFMigrationsHistory]
ORDER BY [MigrationId];
2025-12-24 11:04:51.046 +02:00 [INF] Applying migration '20251224090441_InitialMigration'.
2025-12-24 11:04:51.070 +02:00 [INF] Executed DbCommand (2ms) [Parameters=[], CommandType='"Text"', CommandTimeout='30']
CREATE TABLE [InventoryItems] (
    [Id] uniqueidentifier NOT NULL,
    [MenuItemId] uniqueidentifier NOT NULL,
    [Stock] int NOT NULL,
    [ReorderLevel] int NOT NULL,
    CONSTRAINT [PK_InventoryItems] PRIMARY KEY ([Id])
);
2025-12-24 11:04:51.072 +02:00 [INF] Executed DbCommand (2ms) [Parameters=[], CommandType='"Text"', CommandTimeout='30']
CREATE TABLE [MenuItems] (
    [Id] uniqueidentifier NOT NULL,
    [Name] nvarchar(max) NOT NULL,
    [Description] nvarchar(max) NOT NULL,
    [Price] decimal(18,2) NOT NULL,
    [IsAvailable] bit NOT NULL,
    [Allergens] nvarchar(max) NOT NULL,
    CONSTRAINT [PK_MenuItems] PRIMARY KEY ([Id])
);
2025-12-24 11:04:51.089 +02:00 [INF] Executed DbCommand (17ms) [Parameters=[], CommandType='"Text"', CommandTimeout='30']
CREATE TABLE [Users] (
    [Id] uniqueidentifier NOT NULL,
    [ExternalId] nvarchar(max) NOT NULL,
    [Email] nvarchar(max) NOT NULL,
    [FullName] nvarchar(max) NOT NULL,
    [Role] int NOT NULL,
    CONSTRAINT [PK_Users] PRIMARY KEY ([Id])
);
2025-12-24 11:04:51.092 +02:00 [INF] Executed DbCommand (2ms) [Parameters=[], CommandType='"Text"', CommandTimeout='30']
CREATE TABLE [LoyaltyAccounts] (
    [Id] uniqueidentifier NOT NULL,
    [UserId] uniqueidentifier NOT NULL,
    [Points] int NOT NULL,
    [Tier] int NOT NULL,
    CONSTRAINT [PK_LoyaltyAccounts] PRIMARY KEY ([Id]),
    CONSTRAINT [FK_LoyaltyAccounts_Users_UserId] FOREIGN KEY ([UserId]) REFERENCES [Users] ([Id]) ON DELETE CASCADE
);
2025-12-24 11:04:51.094 +02:00 [INF] Executed DbCommand (2ms) [Parameters=[], CommandType='"Text"', CommandTimeout='30']
CREATE TABLE [Orders] (
    [Id] uniqueidentifier NOT NULL,
    [CustomerId] uniqueidentifier NOT NULL,
    [Status] int NOT NULL,
    [TotalPrice] decimal(18,2) NOT NULL,
    [CreatedAt] datetime2 NOT NULL,
    CONSTRAINT [PK_Orders] PRIMARY KEY ([Id]),
    CONSTRAINT [FK_Orders_Users_CustomerId] FOREIGN KEY ([CustomerId]) REFERENCES [Users] ([Id]) ON DELETE CASCADE
);
2025-12-24 11:04:51.098 +02:00 [INF] Executed DbCommand (3ms) [Parameters=[], CommandType='"Text"', CommandTimeout='30']
CREATE TABLE [Reservations] (
    [Id] uniqueidentifier NOT NULL,
    [CustomerId] uniqueidentifier NOT NULL,
    [ReservationTime] datetime2 NOT NULL,
    [Guests] int NOT NULL,
    [Status] int NOT NULL,
    CONSTRAINT [PK_Reservations] PRIMARY KEY ([Id]),
    CONSTRAINT [FK_Reservations_Users_CustomerId] FOREIGN KEY ([CustomerId]) REFERENCES [Users] ([Id]) ON DELETE CASCADE
);
2025-12-24 11:04:51.100 +02:00 [INF] Executed DbCommand (2ms) [Parameters=[], CommandType='"Text"', CommandTimeout='30']
CREATE TABLE [OrderItems] (
    [Id] uniqueidentifier NOT NULL,
    [OrderId] uniqueidentifier NOT NULL,
    [MenuItemId] uniqueidentifier NOT NULL,
    [Quantity] int NOT NULL,
    [UnitPrice] decimal(18,2) NOT NULL,
    CONSTRAINT [PK_OrderItems] PRIMARY KEY ([Id]),
    CONSTRAINT [FK_OrderItems_Orders_OrderId] FOREIGN KEY ([OrderId]) REFERENCES [Orders] ([Id]) ON DELETE CASCADE
);
2025-12-24 11:04:51.101 +02:00 [INF] Executed DbCommand (1ms) [Parameters=[], CommandType='"Text"', CommandTimeout='30']
CREATE UNIQUE INDEX [IX_LoyaltyAccounts_UserId] ON [LoyaltyAccounts] ([UserId]);
2025-12-24 11:04:51.198 +02:00 [INF] Executed DbCommand (2ms) [Parameters=[], CommandType='"Text"', CommandTimeout='30']
CREATE INDEX [IX_OrderItems_OrderId] ON [OrderItems] ([OrderId]);
2025-12-24 11:04:51.199 +02:00 [INF] Executed DbCommand (1ms) [Parameters=[], CommandType='"Text"', CommandTimeout='30']
CREATE INDEX [IX_Orders_CustomerId] ON [Orders] ([CustomerId]);
2025-12-24 11:04:51.200 +02:00 [INF] Executed DbCommand (1ms) [Parameters=[], CommandType='"Text"', CommandTimeout='30']
CREATE INDEX [IX_Reservations_CustomerId] ON [Reservations] ([CustomerId]);
2025-12-24 11:04:51.205 +02:00 [INF] Executed DbCommand (4ms) [Parameters=[], CommandType='"Text"', CommandTimeout='30']
INSERT INTO [__EFMigrationsHistory] ([MigrationId], [ProductVersion])
VALUES (N'20251224090441_InitialMigration', N'8.0.0');
2025-12-24 13:15:33.278 +02:00 [WRN] No store type was specified for the decimal property 'Quantity' on entity type 'Ingredient'. This will cause values to be silently truncated if they do not fit in the default precision and scale. Explicitly specify the SQL server column type that can accommodate all the values in 'OnModelCreating' using 'HasColumnType', specify precision and scale using 'HasPrecision', or configure a value converter using 'HasConversion'.
2025-12-24 13:15:33.341 +02:00 [WRN] No store type was specified for the decimal property 'MinimumThreshold' on entity type 'InventoryItem'. This will cause values to be silently truncated if they do not fit in the default precision and scale. Explicitly specify the SQL server column type that can accommodate all the values in 'OnModelCreating' using 'HasColumnType', specify precision and scale using 'HasPrecision', or configure a value converter using 'HasConversion'.
2025-12-24 13:15:33.341 +02:00 [WRN] No store type was specified for the decimal property 'Quantity' on entity type 'InventoryItem'. This will cause values to be silently truncated if they do not fit in the default precision and scale. Explicitly specify the SQL server column type that can accommodate all the values in 'OnModelCreating' using 'HasColumnType', specify precision and scale using 'HasPrecision', or configure a value converter using 'HasConversion'.
2025-12-24 13:15:33.341 +02:00 [WRN] No store type was specified for the decimal property 'Price' on entity type 'MenuItem'. This will cause values to be silently truncated if they do not fit in the default precision and scale. Explicitly specify the SQL server column type that can accommodate all the values in 'OnModelCreating' using 'HasColumnType', specify precision and scale using 'HasPrecision', or configure a value converter using 'HasConversion'.
2025-12-24 13:15:33.341 +02:00 [WRN] No store type was specified for the decimal property 'TotalPrice' on entity type 'Order'. This will cause values to be silently truncated if they do not fit in the default precision and scale. Explicitly specify the SQL server column type that can accommodate all the values in 'OnModelCreating' using 'HasColumnType', specify precision and scale using 'HasPrecision', or configure a value converter using 'HasConversion'.
2025-12-24 13:15:33.341 +02:00 [WRN] No store type was specified for the decimal property 'UnitPrice' on entity type 'OrderItem'. This will cause values to be silently truncated if they do not fit in the default precision and scale. Explicitly specify the SQL server column type that can accommodate all the values in 'OnModelCreating' using 'HasColumnType', specify precision and scale using 'HasPrecision', or configure a value converter using 'HasConversion'.
2025-12-24 13:15:33.470 +02:00 [WRN] No store type was specified for the decimal property 'Quantity' on entity type 'Ingredient'. This will cause values to be silently truncated if they do not fit in the default precision and scale. Explicitly specify the SQL server column type that can accommodate all the values in 'OnModelCreating' using 'HasColumnType', specify precision and scale using 'HasPrecision', or configure a value converter using 'HasConversion'.
2025-12-24 13:15:33.494 +02:00 [WRN] No store type was specified for the decimal property 'MinimumThreshold' on entity type 'InventoryItem'. This will cause values to be silently truncated if they do not fit in the default precision and scale. Explicitly specify the SQL server column type that can accommodate all the values in 'OnModelCreating' using 'HasColumnType', specify precision and scale using 'HasPrecision', or configure a value converter using 'HasConversion'.
2025-12-24 13:15:33.494 +02:00 [WRN] No store type was specified for the decimal property 'Quantity' on entity type 'InventoryItem'. This will cause values to be silently truncated if they do not fit in the default precision and scale. Explicitly specify the SQL server column type that can accommodate all the values in 'OnModelCreating' using 'HasColumnType', specify precision and scale using 'HasPrecision', or configure a value converter using 'HasConversion'.
2025-12-24 13:15:33.494 +02:00 [WRN] No store type was specified for the decimal property 'Price' on entity type 'MenuItem'. This will cause values to be silently truncated if they do not fit in the default precision and scale. Explicitly specify the SQL server column type that can accommodate all the values in 'OnModelCreating' using 'HasColumnType', specify precision and scale using 'HasPrecision', or configure a value converter using 'HasConversion'.
2025-12-24 13:15:33.494 +02:00 [WRN] No store type was specified for the decimal property 'TotalPrice' on entity type 'Order'. This will cause values to be silently truncated if they do not fit in the default precision and scale. Explicitly specify the SQL server column type that can accommodate all the values in 'OnModelCreating' using 'HasColumnType', specify precision and scale using 'HasPrecision', or configure a value converter using 'HasConversion'.
2025-12-24 13:15:33.494 +02:00 [WRN] No store type was specified for the decimal property 'UnitPrice' on entity type 'OrderItem'. This will cause values to be silently truncated if they do not fit in the default precision and scale. Explicitly specify the SQL server column type that can accommodate all the values in 'OnModelCreating' using 'HasColumnType', specify precision and scale using 'HasPrecision', or configure a value converter using 'HasConversion'.
2025-12-24 13:15:41.592 +02:00 [WRN] No store type was specified for the decimal property 'Quantity' on entity type 'Ingredient'. This will cause values to be silently truncated if they do not fit in the default precision and scale. Explicitly specify the SQL server column type that can accommodate all the values in 'OnModelCreating' using 'HasColumnType', specify precision and scale using 'HasPrecision', or configure a value converter using 'HasConversion'.
2025-12-24 13:15:41.630 +02:00 [WRN] No store type was specified for the decimal property 'MinimumThreshold' on entity type 'InventoryItem'. This will cause values to be silently truncated if they do not fit in the default precision and scale. Explicitly specify the SQL server column type that can accommodate all the values in 'OnModelCreating' using 'HasColumnType', specify precision and scale using 'HasPrecision', or configure a value converter using 'HasConversion'.
2025-12-24 13:15:41.630 +02:00 [WRN] No store type was specified for the decimal property 'Quantity' on entity type 'InventoryItem'. This will cause values to be silently truncated if they do not fit in the default precision and scale. Explicitly specify the SQL server column type that can accommodate all the values in 'OnModelCreating' using 'HasColumnType', specify precision and scale using 'HasPrecision', or configure a value converter using 'HasConversion'.
2025-12-24 13:15:41.630 +02:00 [WRN] No store type was specified for the decimal property 'Price' on entity type 'MenuItem'. This will cause values to be silently truncated if they do not fit in the default precision and scale. Explicitly specify the SQL server column type that can accommodate all the values in 'OnModelCreating' using 'HasColumnType', specify precision and scale using 'HasPrecision', or configure a value converter using 'HasConversion'.
2025-12-24 13:15:41.630 +02:00 [WRN] No store type was specified for the decimal property 'TotalPrice' on entity type 'Order'. This will cause values to be silently truncated if they do not fit in the default precision and scale. Explicitly specify the SQL server column type that can accommodate all the values in 'OnModelCreating' using 'HasColumnType', specify precision and scale using 'HasPrecision', or configure a value converter using 'HasConversion'.
2025-12-24 13:15:41.630 +02:00 [WRN] No store type was specified for the decimal property 'UnitPrice' on entity type 'OrderItem'. This will cause values to be silently truncated if they do not fit in the default precision and scale. Explicitly specify the SQL server column type that can accommodate all the values in 'OnModelCreating' using 'HasColumnType', specify precision and scale using 'HasPrecision', or configure a value converter using 'HasConversion'.
2025-12-24 13:15:41.984 +02:00 [INF] Executed DbCommand (18ms) [Parameters=[], CommandType='"Text"', CommandTimeout='30']
SELECT 1
2025-12-24 13:15:42.011 +02:00 [INF] Executed DbCommand (15ms) [Parameters=[], CommandType='"Text"', CommandTimeout='30']
SELECT OBJECT_ID(N'[__EFMigrationsHistory]');
2025-12-24 13:15:42.013 +02:00 [INF] Executed DbCommand (1ms) [Parameters=[], CommandType='"Text"', CommandTimeout='30']
SELECT 1
2025-12-24 13:15:42.082 +02:00 [INF] Executed DbCommand (9ms) [Parameters=[], CommandType='"Text"', CommandTimeout='30']
CREATE TABLE [__EFMigrationsHistory] (
    [MigrationId] nvarchar(150) NOT NULL,
    [ProductVersion] nvarchar(32) NOT NULL,
    CONSTRAINT [PK___EFMigrationsHistory] PRIMARY KEY ([MigrationId])
);
2025-12-24 13:15:42.083 +02:00 [INF] Executed DbCommand (1ms) [Parameters=[], CommandType='"Text"', CommandTimeout='30']
SELECT 1
2025-12-24 13:15:42.085 +02:00 [INF] Executed DbCommand (2ms) [Parameters=[], CommandType='"Text"', CommandTimeout='30']
SELECT OBJECT_ID(N'[__EFMigrationsHistory]');
2025-12-24 13:15:42.094 +02:00 [INF] Executed DbCommand (7ms) [Parameters=[], CommandType='"Text"', CommandTimeout='30']
SELECT [MigrationId], [ProductVersion]
FROM [__EFMigrationsHistory]
ORDER BY [MigrationId];
2025-12-24 13:15:42.105 +02:00 [INF] Applying migration '20251224111533_InitialMigration'.
2025-12-24 13:15:42.147 +02:00 [INF] Executed DbCommand (5ms) [Parameters=[], CommandType='"Text"', CommandTimeout='30']
CREATE TABLE [InventoryItems] (
    [Id] uniqueidentifier NOT NULL,
    [Name] nvarchar(max) NULL,
    [Unit] nvarchar(max) NULL,
    [Quantity] decimal(18,2) NOT NULL,
    [MinimumThreshold] decimal(18,2) NOT NULL,
    [LastUpdated] datetime2 NOT NULL,
    CONSTRAINT [PK_InventoryItems] PRIMARY KEY ([Id])
);
2025-12-24 13:15:42.151 +02:00 [INF] Executed DbCommand (3ms) [Parameters=[], CommandType='"Text"', CommandTimeout='30']
CREATE TABLE [MenuItems] (
    [Id] uniqueidentifier NOT NULL,
    [Name] nvarchar(max) NULL,
    [Description] nvarchar(max) NULL,
    [Price] decimal(18,2) NOT NULL,
    [IsAvailable] bit NOT NULL,
    CONSTRAINT [PK_MenuItems] PRIMARY KEY ([Id])
);
2025-12-24 13:15:42.154 +02:00 [INF] Executed DbCommand (3ms) [Parameters=[], CommandType='"Text"', CommandTimeout='30']
CREATE TABLE [Users] (
    [Id] uniqueidentifier NOT NULL,
    [ExternalId] nvarchar(max) NULL,
    [Email] nvarchar(max) NULL,
    [FullName] nvarchar(max) NULL,
    [Role] int NOT NULL,
    CONSTRAINT [PK_Users] PRIMARY KEY ([Id])
);
2025-12-24 13:15:42.158 +02:00 [INF] Executed DbCommand (4ms) [Parameters=[], CommandType='"Text"', CommandTimeout='30']
CREATE TABLE [Ingredients] (
    [Id] uniqueidentifier NOT NULL,
    [Name] nvarchar(max) NULL,
    [Quantity] decimal(18,2) NOT NULL,
    [Unit] nvarchar(max) NULL,
    [MenuItemId] uniqueidentifier NOT NULL,
    CONSTRAINT [PK_Ingredients] PRIMARY KEY ([Id]),
    CONSTRAINT [FK_Ingredients_MenuItems_MenuItemId] FOREIGN KEY ([MenuItemId]) REFERENCES [MenuItems] ([Id]) ON DELETE CASCADE
);
2025-12-24 13:15:42.162 +02:00 [INF] Executed DbCommand (4ms) [Parameters=[], CommandType='"Text"', CommandTimeout='30']
CREATE TABLE [LoyaltyAccounts] (
    [Id] uniqueidentifier NOT NULL,
    [UserId] uniqueidentifier NOT NULL,
    [Points] int NOT NULL,
    [Tier] int NOT NULL,
    CONSTRAINT [PK_LoyaltyAccounts] PRIMARY KEY ([Id]),
    CONSTRAINT [FK_LoyaltyAccounts_Users_UserId] FOREIGN KEY ([UserId]) REFERENCES [Users] ([Id]) ON DELETE CASCADE
);
2025-12-24 13:15:42.165 +02:00 [INF] Executed DbCommand (3ms) [Parameters=[], CommandType='"Text"', CommandTimeout='30']
CREATE TABLE [Orders] (
    [Id] uniqueidentifier NOT NULL,
    [CustomerId] uniqueidentifier NOT NULL,
    [Status] int NOT NULL,
    [TotalPrice] decimal(18,2) NOT NULL,
    [CreatedAt] datetime2 NOT NULL,
    CONSTRAINT [PK_Orders] PRIMARY KEY ([Id]),
    CONSTRAINT [FK_Orders_Users_CustomerId] FOREIGN KEY ([CustomerId]) REFERENCES [Users] ([Id]) ON DELETE CASCADE
);
2025-12-24 13:15:42.169 +02:00 [INF] Executed DbCommand (3ms) [Parameters=[], CommandType='"Text"', CommandTimeout='30']
CREATE TABLE [Reservations] (
    [Id] uniqueidentifier NOT NULL,
    [CustomerId] uniqueidentifier NOT NULL,
    [ReservationTime] datetime2 NOT NULL,
    [Guests] int NOT NULL,
    [Status] int NOT NULL,
    CONSTRAINT [PK_Reservations] PRIMARY KEY ([Id]),
    CONSTRAINT [FK_Reservations_Users_CustomerId] FOREIGN KEY ([CustomerId]) REFERENCES [Users] ([Id]) ON DELETE CASCADE
);
2025-12-24 13:15:42.175 +02:00 [INF] Executed DbCommand (5ms) [Parameters=[], CommandType='"Text"', CommandTimeout='30']
CREATE TABLE [OrderItems] (
    [Id] uniqueidentifier NOT NULL,
    [OrderId] uniqueidentifier NOT NULL,
    [MenuItemId] uniqueidentifier NOT NULL,
    [Quantity] int NOT NULL,
    [UnitPrice] decimal(18,2) NOT NULL,
    CONSTRAINT [PK_OrderItems] PRIMARY KEY ([Id]),
    CONSTRAINT [FK_OrderItems_Orders_OrderId] FOREIGN KEY ([OrderId]) REFERENCES [Orders] ([Id]) ON DELETE CASCADE
);
2025-12-24 13:15:42.177 +02:00 [INF] Executed DbCommand (2ms) [Parameters=[], CommandType='"Text"', CommandTimeout='30']
CREATE INDEX [IX_Ingredients_MenuItemId] ON [Ingredients] ([MenuItemId]);
2025-12-24 13:15:42.179 +02:00 [INF] Executed DbCommand (2ms) [Parameters=[], CommandType='"Text"', CommandTimeout='30']
CREATE UNIQUE INDEX [IX_LoyaltyAccounts_UserId] ON [LoyaltyAccounts] ([UserId]);
2025-12-24 13:15:42.181 +02:00 [INF] Executed DbCommand (1ms) [Parameters=[], CommandType='"Text"', CommandTimeout='30']
CREATE INDEX [IX_OrderItems_OrderId] ON [OrderItems] ([OrderId]);
2025-12-24 13:15:42.184 +02:00 [INF] Executed DbCommand (3ms) [Parameters=[], CommandType='"Text"', CommandTimeout='30']
CREATE INDEX [IX_Orders_CustomerId] ON [Orders] ([CustomerId]);
2025-12-24 13:15:42.188 +02:00 [INF] Executed DbCommand (4ms) [Parameters=[], CommandType='"Text"', CommandTimeout='30']
CREATE INDEX [IX_Reservations_CustomerId] ON [Reservations] ([CustomerId]);
2025-12-24 13:15:42.191 +02:00 [INF] Executed DbCommand (3ms) [Parameters=[], CommandType='"Text"', CommandTimeout='30']
INSERT INTO [__EFMigrationsHistory] ([MigrationId], [ProductVersion])
VALUES (N'20251224111533_InitialMigration', N'8.0.0');
2025-12-24 18:13:17.612 +02:00 [WRN] No store type was specified for the decimal property 'Quantity' on entity type 'Ingredient'. This will cause values to be silently truncated if they do not fit in the default precision and scale. Explicitly specify the SQL server column type that can accommodate all the values in 'OnModelCreating' using 'HasColumnType', specify precision and scale using 'HasPrecision', or configure a value converter using 'HasConversion'.
2025-12-24 18:13:17.676 +02:00 [WRN] No store type was specified for the decimal property 'MinimumThreshold' on entity type 'InventoryItem'. This will cause values to be silently truncated if they do not fit in the default precision and scale. Explicitly specify the SQL server column type that can accommodate all the values in 'OnModelCreating' using 'HasColumnType', specify precision and scale using 'HasPrecision', or configure a value converter using 'HasConversion'.
2025-12-24 18:13:17.684 +02:00 [WRN] No store type was specified for the decimal property 'Quantity' on entity type 'InventoryItem'. This will cause values to be silently truncated if they do not fit in the default precision and scale. Explicitly specify the SQL server column type that can accommodate all the values in 'OnModelCreating' using 'HasColumnType', specify precision and scale using 'HasPrecision', or configure a value converter using 'HasConversion'.
2025-12-24 18:13:17.685 +02:00 [WRN] No store type was specified for the decimal property 'Price' on entity type 'MenuItem'. This will cause values to be silently truncated if they do not fit in the default precision and scale. Explicitly specify the SQL server column type that can accommodate all the values in 'OnModelCreating' using 'HasColumnType', specify precision and scale using 'HasPrecision', or configure a value converter using 'HasConversion'.
2025-12-24 18:13:17.687 +02:00 [WRN] No store type was specified for the decimal property 'TotalPrice' on entity type 'Order'. This will cause values to be silently truncated if they do not fit in the default precision and scale. Explicitly specify the SQL server column type that can accommodate all the values in 'OnModelCreating' using 'HasColumnType', specify precision and scale using 'HasPrecision', or configure a value converter using 'HasConversion'.
2025-12-24 18:13:17.688 +02:00 [WRN] No store type was specified for the decimal property 'UnitPrice' on entity type 'OrderItem'. This will cause values to be silently truncated if they do not fit in the default precision and scale. Explicitly specify the SQL server column type that can accommodate all the values in 'OnModelCreating' using 'HasColumnType', specify precision and scale using 'HasPrecision', or configure a value converter using 'HasConversion'.
2025-12-24 18:13:18.603 +02:00 [INF] Executed DbCommand (33ms) [Parameters=[], CommandType='"Text"', CommandTimeout='30']
SELECT CASE
    WHEN EXISTS (
        SELECT 1
        FROM [Ingredients] AS [i]) THEN CAST(1 AS bit)
    ELSE CAST(0 AS bit)
END
2025-12-24 18:13:46.402 +02:00 [WRN] No store type was specified for the decimal property 'Quantity' on entity type 'Ingredient'. This will cause values to be silently truncated if they do not fit in the default precision and scale. Explicitly specify the SQL server column type that can accommodate all the values in 'OnModelCreating' using 'HasColumnType', specify precision and scale using 'HasPrecision', or configure a value converter using 'HasConversion'.
2025-12-24 18:13:46.519 +02:00 [WRN] No store type was specified for the decimal property 'MinimumThreshold' on entity type 'InventoryItem'. This will cause values to be silently truncated if they do not fit in the default precision and scale. Explicitly specify the SQL server column type that can accommodate all the values in 'OnModelCreating' using 'HasColumnType', specify precision and scale using 'HasPrecision', or configure a value converter using 'HasConversion'.
2025-12-24 18:13:46.523 +02:00 [WRN] No store type was specified for the decimal property 'Quantity' on entity type 'InventoryItem'. This will cause values to be silently truncated if they do not fit in the default precision and scale. Explicitly specify the SQL server column type that can accommodate all the values in 'OnModelCreating' using 'HasColumnType', specify precision and scale using 'HasPrecision', or configure a value converter using 'HasConversion'.
2025-12-24 18:13:46.528 +02:00 [WRN] No store type was specified for the decimal property 'Price' on entity type 'MenuItem'. This will cause values to be silently truncated if they do not fit in the default precision and scale. Explicitly specify the SQL server column type that can accommodate all the values in 'OnModelCreating' using 'HasColumnType', specify precision and scale using 'HasPrecision', or configure a value converter using 'HasConversion'.
2025-12-24 18:13:46.531 +02:00 [WRN] No store type was specified for the decimal property 'TotalPrice' on entity type 'Order'. This will cause values to be silently truncated if they do not fit in the default precision and scale. Explicitly specify the SQL server column type that can accommodate all the values in 'OnModelCreating' using 'HasColumnType', specify precision and scale using 'HasPrecision', or configure a value converter using 'HasConversion'.
2025-12-24 18:13:46.537 +02:00 [WRN] No store type was specified for the decimal property 'UnitPrice' on entity type 'OrderItem'. This will cause values to be silently truncated if they do not fit in the default precision and scale. Explicitly specify the SQL server column type that can accommodate all the values in 'OnModelCreating' using 'HasColumnType', specify precision and scale using 'HasPrecision', or configure a value converter using 'HasConversion'.
2025-12-24 18:13:47.832 +02:00 [INF] Executed DbCommand (37ms) [Parameters=[], CommandType='"Text"', CommandTimeout='30']
SELECT CASE
    WHEN EXISTS (
        SELECT 1
        FROM [Ingredients] AS [i]) THEN CAST(1 AS bit)
    ELSE CAST(0 AS bit)
END
2025-12-24 18:15:21.880 +02:00 [WRN] No store type was specified for the decimal property 'Quantity' on entity type 'Ingredient'. This will cause values to be silently truncated if they do not fit in the default precision and scale. Explicitly specify the SQL server column type that can accommodate all the values in 'OnModelCreating' using 'HasColumnType', specify precision and scale using 'HasPrecision', or configure a value converter using 'HasConversion'.
2025-12-24 18:15:21.990 +02:00 [WRN] No store type was specified for the decimal property 'MinimumThreshold' on entity type 'InventoryItem'. This will cause values to be silently truncated if they do not fit in the default precision and scale. Explicitly specify the SQL server column type that can accommodate all the values in 'OnModelCreating' using 'HasColumnType', specify precision and scale using 'HasPrecision', or configure a value converter using 'HasConversion'.
2025-12-24 18:15:21.995 +02:00 [WRN] No store type was specified for the decimal property 'Quantity' on entity type 'InventoryItem'. This will cause values to be silently truncated if they do not fit in the default precision and scale. Explicitly specify the SQL server column type that can accommodate all the values in 'OnModelCreating' using 'HasColumnType', specify precision and scale using 'HasPrecision', or configure a value converter using 'HasConversion'.
2025-12-24 18:15:22.000 +02:00 [WRN] No store type was specified for the decimal property 'Price' on entity type 'MenuItem'. This will cause values to be silently truncated if they do not fit in the default precision and scale. Explicitly specify the SQL server column type that can accommodate all the values in 'OnModelCreating' using 'HasColumnType', specify precision and scale using 'HasPrecision', or configure a value converter using 'HasConversion'.
2025-12-24 18:15:22.004 +02:00 [WRN] No store type was specified for the decimal property 'TotalPrice' on entity type 'Order'. This will cause values to be silently truncated if they do not fit in the default precision and scale. Explicitly specify the SQL server column type that can accommodate all the values in 'OnModelCreating' using 'HasColumnType', specify precision and scale using 'HasPrecision', or configure a value converter using 'HasConversion'.
2025-12-24 18:15:22.006 +02:00 [WRN] No store type was specified for the decimal property 'UnitPrice' on entity type 'OrderItem'. This will cause values to be silently truncated if they do not fit in the default precision and scale. Explicitly specify the SQL server column type that can accommodate all the values in 'OnModelCreating' using 'HasColumnType', specify precision and scale using 'HasPrecision', or configure a value converter using 'HasConversion'.
2025-12-24 18:15:23.360 +02:00 [INF] Executed DbCommand (41ms) [Parameters=[], CommandType='"Text"', CommandTimeout='30']
SELECT CASE
    WHEN EXISTS (
        SELECT 1
        FROM [Ingredients] AS [i]) THEN CAST(1 AS bit)
    ELSE CAST(0 AS bit)
END
2025-12-24 18:15:24.199 +02:00 [ERR] Failed executing DbCommand (128ms) [Parameters=[@p0='?' (DbType = Guid), @p1='?' (DbType = Guid), @p2='?' (Size = 4000), @p3='?' (Precision = 18) (Scale = 2) (DbType = Decimal), @p4='?' (Size = 4000), @p5='?' (DbType = Guid), @p6='?' (DbType = Guid), @p7='?' (Size = 4000), @p8='?' (Precision = 18) (Scale = 2) (DbType = Decimal), @p9='?' (Size = 4000), @p10='?' (DbType = Guid), @p11='?' (DbType = Guid), @p12='?' (Size = 4000), @p13='?' (Precision = 18) (Scale = 2) (DbType = Decimal), @p14='?' (Size = 4000), @p15='?' (DbType = Guid), @p16='?' (DbType = Guid), @p17='?' (Size = 4000), @p18='?' (Precision = 18) (Scale = 2) (DbType = Decimal), @p19='?' (Size = 4000), @p20='?' (DbType = Guid), @p21='?' (DbType = Guid), @p22='?' (Size = 4000), @p23='?' (Precision = 18) (Scale = 2) (DbType = Decimal), @p24='?' (Size = 4000), @p25='?' (DbType = Guid), @p26='?' (DbType = Guid), @p27='?' (Size = 4000), @p28='?' (Precision = 18) (Scale = 2) (DbType = Decimal), @p29='?' (Size = 4000)], CommandType='"Text"', CommandTimeout='30']
SET IMPLICIT_TRANSACTIONS OFF;
SET NOCOUNT ON;
INSERT INTO [Ingredients] ([Id], [MenuItemId], [Name], [Quantity], [Unit])
VALUES (@p0, @p1, @p2, @p3, @p4),
(@p5, @p6, @p7, @p8, @p9),
(@p10, @p11, @p12, @p13, @p14),
(@p15, @p16, @p17, @p18, @p19),
(@p20, @p21, @p22, @p23, @p24),
(@p25, @p26, @p27, @p28, @p29);
2025-12-24 18:15:24.306 +02:00 [ERR] An exception occurred in the database while saving changes for context type 'SmartRestaurant.Infrastructure.Context.AppDbContext'.
Microsoft.EntityFrameworkCore.DbUpdateException: An error occurred while saving the entity changes. See the inner exception for details.
 ---> Microsoft.Data.SqlClient.SqlException (0x80131904): The INSERT statement conflicted with the FOREIGN KEY constraint "FK_Ingredients_MenuItems_MenuItemId". The conflict occurred in database "SmartRestaurant", table "dbo.MenuItems", column 'Id'.
The statement has been terminated.
   at Microsoft.Data.SqlClient.SqlCommand.<>c.<ExecuteDbDataReaderAsync>b__209_0(Task`1 result)
   at System.Threading.Tasks.ContinuationResultTaskFromResultTask`2.InnerInvoke()
   at System.Threading.ExecutionContext.RunInternal(ExecutionContext executionContext, ContextCallback callback, Object state)
--- End of stack trace from previous location ---
   at System.Threading.ExecutionContext.RunInternal(ExecutionContext executionContext, ContextCallback callback, Object state)
   at System.Threading.Tasks.Task.ExecuteWithThreadLocal(Task& currentTaskSlot, Thread threadPoolThread)
--- End of stack trace from previous location ---
   at Microsoft.EntityFrameworkCore.Storage.RelationalCommand.ExecuteReaderAsync(RelationalCommandParameterObject parameterObject, CancellationToken cancellationToken)
   at Microsoft.EntityFrameworkCore.Storage.RelationalCommand.ExecuteReaderAsync(RelationalCommandParameterObject parameterObject, CancellationToken cancellationToken)
   at Microsoft.EntityFrameworkCore.Update.ReaderModificationCommandBatch.ExecuteAsync(IRelationalConnection connection, CancellationToken cancellationToken)
ClientConnectionId:7486584e-2772-4d46-8388-d93377aa0e50
Error Number:547,State:0,Class:16
   --- End of inner exception stack trace ---
   at Microsoft.EntityFrameworkCore.Update.ReaderModificationCommandBatch.ExecuteAsync(IRelationalConnection connection, CancellationToken cancellationToken)
   at Microsoft.EntityFrameworkCore.SqlServer.Update.Internal.SqlServerModificationCommandBatch.ExecuteAsync(IRelationalConnection connection, CancellationToken cancellationToken)
   at Microsoft.EntityFrameworkCore.Update.Internal.BatchExecutor.ExecuteAsync(IEnumerable`1 commandBatches, IRelationalConnection connection, CancellationToken cancellationToken)
   at Microsoft.EntityFrameworkCore.Update.Internal.BatchExecutor.ExecuteAsync(IEnumerable`1 commandBatches, IRelationalConnection connection, CancellationToken cancellationToken)
   at Microsoft.EntityFrameworkCore.Update.Internal.BatchExecutor.ExecuteAsync(IEnumerable`1 commandBatches, IRelationalConnection connection, CancellationToken cancellationToken)
   at Microsoft.EntityFrameworkCore.ChangeTracking.Internal.StateManager.SaveChangesAsync(IList`1 entriesToSave, CancellationToken cancellationToken)
   at Microsoft.EntityFrameworkCore.ChangeTracking.Internal.StateManager.SaveChangesAsync(StateManager stateManager, Boolean acceptAllChangesOnSuccess, CancellationToken cancellationToken)
   at Microsoft.EntityFrameworkCore.SqlServer.Storage.Internal.SqlServerExecutionStrategy.ExecuteAsync[TState,TResult](TState state, Func`4 operation, Func`4 verifySucceeded, CancellationToken cancellationToken)
   at Microsoft.EntityFrameworkCore.DbContext.SaveChangesAsync(Boolean acceptAllChangesOnSuccess, CancellationToken cancellationToken)
Microsoft.EntityFrameworkCore.DbUpdateException: An error occurred while saving the entity changes. See the inner exception for details.
 ---> Microsoft.Data.SqlClient.SqlException (0x80131904): The INSERT statement conflicted with the FOREIGN KEY constraint "FK_Ingredients_MenuItems_MenuItemId". The conflict occurred in database "SmartRestaurant", table "dbo.MenuItems", column 'Id'.
The statement has been terminated.
   at Microsoft.Data.SqlClient.SqlCommand.<>c.<ExecuteDbDataReaderAsync>b__209_0(Task`1 result)
   at System.Threading.Tasks.ContinuationResultTaskFromResultTask`2.InnerInvoke()
   at System.Threading.ExecutionContext.RunInternal(ExecutionContext executionContext, ContextCallback callback, Object state)
--- End of stack trace from previous location ---
   at System.Threading.ExecutionContext.RunInternal(ExecutionContext executionContext, ContextCallback callback, Object state)
   at System.Threading.Tasks.Task.ExecuteWithThreadLocal(Task& currentTaskSlot, Thread threadPoolThread)
--- End of stack trace from previous location ---
   at Microsoft.EntityFrameworkCore.Storage.RelationalCommand.ExecuteReaderAsync(RelationalCommandParameterObject parameterObject, CancellationToken cancellationToken)
   at Microsoft.EntityFrameworkCore.Storage.RelationalCommand.ExecuteReaderAsync(RelationalCommandParameterObject parameterObject, CancellationToken cancellationToken)
   at Microsoft.EntityFrameworkCore.Update.ReaderModificationCommandBatch.ExecuteAsync(IRelationalConnection connection, CancellationToken cancellationToken)
ClientConnectionId:7486584e-2772-4d46-8388-d93377aa0e50
Error Number:547,State:0,Class:16
   --- End of inner exception stack trace ---
   at Microsoft.EntityFrameworkCore.Update.ReaderModificationCommandBatch.ExecuteAsync(IRelationalConnection connection, CancellationToken cancellationToken)
   at Microsoft.EntityFrameworkCore.SqlServer.Update.Internal.SqlServerModificationCommandBatch.ExecuteAsync(IRelationalConnection connection, CancellationToken cancellationToken)
   at Microsoft.EntityFrameworkCore.Update.Internal.BatchExecutor.ExecuteAsync(IEnumerable`1 commandBatches, IRelationalConnection connection, CancellationToken cancellationToken)
   at Microsoft.EntityFrameworkCore.Update.Internal.BatchExecutor.ExecuteAsync(IEnumerable`1 commandBatches, IRelationalConnection connection, CancellationToken cancellationToken)
   at Microsoft.EntityFrameworkCore.Update.Internal.BatchExecutor.ExecuteAsync(IEnumerable`1 commandBatches, IRelationalConnection connection, CancellationToken cancellationToken)
   at Microsoft.EntityFrameworkCore.ChangeTracking.Internal.StateManager.SaveChangesAsync(IList`1 entriesToSave, CancellationToken cancellationToken)
   at Microsoft.EntityFrameworkCore.ChangeTracking.Internal.StateManager.SaveChangesAsync(StateManager stateManager, Boolean acceptAllChangesOnSuccess, CancellationToken cancellationToken)
   at Microsoft.EntityFrameworkCore.SqlServer.Storage.Internal.SqlServerExecutionStrategy.ExecuteAsync[TState,TResult](TState state, Func`4 operation, Func`4 verifySucceeded, CancellationToken cancellationToken)
   at Microsoft.EntityFrameworkCore.DbContext.SaveChangesAsync(Boolean acceptAllChangesOnSuccess, CancellationToken cancellationToken)
2025-12-24 18:16:31.674 +02:00 [WRN] No store type was specified for the decimal property 'Quantity' on entity type 'Ingredient'. This will cause values to be silently truncated if they do not fit in the default precision and scale. Explicitly specify the SQL server column type that can accommodate all the values in 'OnModelCreating' using 'HasColumnType', specify precision and scale using 'HasPrecision', or configure a value converter using 'HasConversion'.
2025-12-24 18:16:31.770 +02:00 [WRN] No store type was specified for the decimal property 'MinimumThreshold' on entity type 'InventoryItem'. This will cause values to be silently truncated if they do not fit in the default precision and scale. Explicitly specify the SQL server column type that can accommodate all the values in 'OnModelCreating' using 'HasColumnType', specify precision and scale using 'HasPrecision', or configure a value converter using 'HasConversion'.
2025-12-24 18:16:31.775 +02:00 [WRN] No store type was specified for the decimal property 'Quantity' on entity type 'InventoryItem'. This will cause values to be silently truncated if they do not fit in the default precision and scale. Explicitly specify the SQL server column type that can accommodate all the values in 'OnModelCreating' using 'HasColumnType', specify precision and scale using 'HasPrecision', or configure a value converter using 'HasConversion'.
2025-12-24 18:16:31.779 +02:00 [WRN] No store type was specified for the decimal property 'Price' on entity type 'MenuItem'. This will cause values to be silently truncated if they do not fit in the default precision and scale. Explicitly specify the SQL server column type that can accommodate all the values in 'OnModelCreating' using 'HasColumnType', specify precision and scale using 'HasPrecision', or configure a value converter using 'HasConversion'.
2025-12-24 18:16:31.781 +02:00 [WRN] No store type was specified for the decimal property 'TotalPrice' on entity type 'Order'. This will cause values to be silently truncated if they do not fit in the default precision and scale. Explicitly specify the SQL server column type that can accommodate all the values in 'OnModelCreating' using 'HasColumnType', specify precision and scale using 'HasPrecision', or configure a value converter using 'HasConversion'.
2025-12-24 18:16:31.784 +02:00 [WRN] No store type was specified for the decimal property 'UnitPrice' on entity type 'OrderItem'. This will cause values to be silently truncated if they do not fit in the default precision and scale. Explicitly specify the SQL server column type that can accommodate all the values in 'OnModelCreating' using 'HasColumnType', specify precision and scale using 'HasPrecision', or configure a value converter using 'HasConversion'.
2025-12-24 18:16:33.038 +02:00 [INF] Executed DbCommand (39ms) [Parameters=[], CommandType='"Text"', CommandTimeout='30']
SELECT CASE
    WHEN EXISTS (
        SELECT 1
        FROM [MenuItems] AS [m]) THEN CAST(1 AS bit)
    ELSE CAST(0 AS bit)
END
2025-12-24 18:16:33.970 +02:00 [INF] Executed DbCommand (78ms) [Parameters=[@p0='?' (DbType = Guid), @p1='?' (Size = 4000), @p2='?' (DbType = Boolean), @p3='?' (Size = 4000), @p4='?' (Precision = 18) (Scale = 2) (DbType = Decimal), @p5='?' (DbType = Guid), @p6='?' (Size = 4000), @p7='?' (DbType = Boolean), @p8='?' (Size = 4000), @p9='?' (Precision = 18) (Scale = 2) (DbType = Decimal), @p10='?' (DbType = Guid), @p11='?' (DbType = Guid), @p12='?' (Size = 4000), @p13='?' (Precision = 18) (Scale = 2) (DbType = Decimal), @p14='?' (Size = 4000), @p15='?' (DbType = Guid), @p16='?' (DbType = Guid), @p17='?' (Size = 4000), @p18='?' (Precision = 18) (Scale = 2) (DbType = Decimal), @p19='?' (Size = 4000), @p20='?' (DbType = Guid), @p21='?' (DbType = Guid), @p22='?' (Size = 4000), @p23='?' (Precision = 18) (Scale = 2) (DbType = Decimal), @p24='?' (Size = 4000), @p25='?' (DbType = Guid), @p26='?' (DbType = Guid), @p27='?' (Size = 4000), @p28='?' (Precision = 18) (Scale = 2) (DbType = Decimal), @p29='?' (Size = 4000), @p30='?' (DbType = Guid), @p31='?' (DbType = Guid), @p32='?' (Size = 4000), @p33='?' (Precision = 18) (Scale = 2) (DbType = Decimal), @p34='?' (Size = 4000), @p35='?' (DbType = Guid), @p36='?' (DbType = Guid), @p37='?' (Size = 4000), @p38='?' (Precision = 18) (Scale = 2) (DbType = Decimal), @p39='?' (Size = 4000)], CommandType='"Text"', CommandTimeout='30']
SET NOCOUNT ON;
INSERT INTO [MenuItems] ([Id], [Description], [IsAvailable], [Name], [Price])
VALUES (@p0, @p1, @p2, @p3, @p4),
(@p5, @p6, @p7, @p8, @p9);
INSERT INTO [Ingredients] ([Id], [MenuItemId], [Name], [Quantity], [Unit])
VALUES (@p10, @p11, @p12, @p13, @p14),
(@p15, @p16, @p17, @p18, @p19),
(@p20, @p21, @p22, @p23, @p24),
(@p25, @p26, @p27, @p28, @p29),
(@p30, @p31, @p32, @p33, @p34),
(@p35, @p36, @p37, @p38, @p39);
2025-12-24 18:16:34.034 +02:00 [INF] Executed DbCommand (5ms) [Parameters=[], CommandType='"Text"', CommandTimeout='30']
SELECT CASE
    WHEN EXISTS (
        SELECT 1
        FROM [Ingredients] AS [i]) THEN CAST(1 AS bit)
    ELSE CAST(0 AS bit)
END
2025-12-24 18:16:34.050 +02:00 [INF] Executed DbCommand (4ms) [Parameters=[], CommandType='"Text"', CommandTimeout='30']
SELECT CASE
    WHEN EXISTS (
        SELECT 1
        FROM [Reservations] AS [r]) THEN CAST(1 AS bit)
    ELSE CAST(0 AS bit)
END
2025-12-24 18:16:34.205 +02:00 [ERR] Failed executing DbCommand (21ms) [Parameters=[@p0='?' (DbType = Guid), @p1='?' (DbType = Guid), @p2='?' (DbType = Int32), @p3='?' (DbType = DateTime2), @p4='?' (DbType = Int32)], CommandType='"Text"', CommandTimeout='30']
SET IMPLICIT_TRANSACTIONS OFF;
SET NOCOUNT ON;
INSERT INTO [Reservations] ([Id], [CustomerId], [Guests], [ReservationTime], [Status])
VALUES (@p0, @p1, @p2, @p3, @p4);
2025-12-24 18:16:34.273 +02:00 [ERR] An exception occurred in the database while saving changes for context type 'SmartRestaurant.Infrastructure.Context.AppDbContext'.
Microsoft.EntityFrameworkCore.DbUpdateException: An error occurred while saving the entity changes. See the inner exception for details.
 ---> Microsoft.Data.SqlClient.SqlException (0x80131904): The INSERT statement conflicted with the FOREIGN KEY constraint "FK_Reservations_Users_CustomerId". The conflict occurred in database "SmartRestaurant", table "dbo.Users", column 'Id'.
The statement has been terminated.
   at Microsoft.Data.SqlClient.SqlCommand.<>c.<ExecuteDbDataReaderAsync>b__209_0(Task`1 result)
   at System.Threading.Tasks.ContinuationResultTaskFromResultTask`2.InnerInvoke()
   at System.Threading.ExecutionContext.RunInternal(ExecutionContext executionContext, ContextCallback callback, Object state)
--- End of stack trace from previous location ---
   at System.Threading.ExecutionContext.RunInternal(ExecutionContext executionContext, ContextCallback callback, Object state)
   at System.Threading.Tasks.Task.ExecuteWithThreadLocal(Task& currentTaskSlot, Thread threadPoolThread)
--- End of stack trace from previous location ---
   at Microsoft.EntityFrameworkCore.Storage.RelationalCommand.ExecuteReaderAsync(RelationalCommandParameterObject parameterObject, CancellationToken cancellationToken)
   at Microsoft.EntityFrameworkCore.Storage.RelationalCommand.ExecuteReaderAsync(RelationalCommandParameterObject parameterObject, CancellationToken cancellationToken)
   at Microsoft.EntityFrameworkCore.Update.ReaderModificationCommandBatch.ExecuteAsync(IRelationalConnection connection, CancellationToken cancellationToken)
ClientConnectionId:f931b759-ca54-4db4-81ea-1a4a0d26de5a
Error Number:547,State:0,Class:16
   --- End of inner exception stack trace ---
   at Microsoft.EntityFrameworkCore.Update.ReaderModificationCommandBatch.ExecuteAsync(IRelationalConnection connection, CancellationToken cancellationToken)
   at Microsoft.EntityFrameworkCore.SqlServer.Update.Internal.SqlServerModificationCommandBatch.ExecuteAsync(IRelationalConnection connection, CancellationToken cancellationToken)
   at Microsoft.EntityFrameworkCore.Update.Internal.BatchExecutor.ExecuteAsync(IEnumerable`1 commandBatches, IRelationalConnection connection, CancellationToken cancellationToken)
   at Microsoft.EntityFrameworkCore.Update.Internal.BatchExecutor.ExecuteAsync(IEnumerable`1 commandBatches, IRelationalConnection connection, CancellationToken cancellationToken)
   at Microsoft.EntityFrameworkCore.Update.Internal.BatchExecutor.ExecuteAsync(IEnumerable`1 commandBatches, IRelationalConnection connection, CancellationToken cancellationToken)
   at Microsoft.EntityFrameworkCore.ChangeTracking.Internal.StateManager.SaveChangesAsync(IList`1 entriesToSave, CancellationToken cancellationToken)
   at Microsoft.EntityFrameworkCore.ChangeTracking.Internal.StateManager.SaveChangesAsync(StateManager stateManager, Boolean acceptAllChangesOnSuccess, CancellationToken cancellationToken)
   at Microsoft.EntityFrameworkCore.SqlServer.Storage.Internal.SqlServerExecutionStrategy.ExecuteAsync[TState,TResult](TState state, Func`4 operation, Func`4 verifySucceeded, CancellationToken cancellationToken)
   at Microsoft.EntityFrameworkCore.DbContext.SaveChangesAsync(Boolean acceptAllChangesOnSuccess, CancellationToken cancellationToken)
Microsoft.EntityFrameworkCore.DbUpdateException: An error occurred while saving the entity changes. See the inner exception for details.
 ---> Microsoft.Data.SqlClient.SqlException (0x80131904): The INSERT statement conflicted with the FOREIGN KEY constraint "FK_Reservations_Users_CustomerId". The conflict occurred in database "SmartRestaurant", table "dbo.Users", column 'Id'.
The statement has been terminated.
   at Microsoft.Data.SqlClient.SqlCommand.<>c.<ExecuteDbDataReaderAsync>b__209_0(Task`1 result)
   at System.Threading.Tasks.ContinuationResultTaskFromResultTask`2.InnerInvoke()
   at System.Threading.ExecutionContext.RunInternal(ExecutionContext executionContext, ContextCallback callback, Object state)
--- End of stack trace from previous location ---
   at System.Threading.ExecutionContext.RunInternal(ExecutionContext executionContext, ContextCallback callback, Object state)
   at System.Threading.Tasks.Task.ExecuteWithThreadLocal(Task& currentTaskSlot, Thread threadPoolThread)
--- End of stack trace from previous location ---
   at Microsoft.EntityFrameworkCore.Storage.RelationalCommand.ExecuteReaderAsync(RelationalCommandParameterObject parameterObject, CancellationToken cancellationToken)
   at Microsoft.EntityFrameworkCore.Storage.RelationalCommand.ExecuteReaderAsync(RelationalCommandParameterObject parameterObject, CancellationToken cancellationToken)
   at Microsoft.EntityFrameworkCore.Update.ReaderModificationCommandBatch.ExecuteAsync(IRelationalConnection connection, CancellationToken cancellationToken)
ClientConnectionId:f931b759-ca54-4db4-81ea-1a4a0d26de5a
Error Number:547,State:0,Class:16
   --- End of inner exception stack trace ---
   at Microsoft.EntityFrameworkCore.Update.ReaderModificationCommandBatch.ExecuteAsync(IRelationalConnection connection, CancellationToken cancellationToken)
   at Microsoft.EntityFrameworkCore.SqlServer.Update.Internal.SqlServerModificationCommandBatch.ExecuteAsync(IRelationalConnection connection, CancellationToken cancellationToken)
   at Microsoft.EntityFrameworkCore.Update.Internal.BatchExecutor.ExecuteAsync(IEnumerable`1 commandBatches, IRelationalConnection connection, CancellationToken cancellationToken)
   at Microsoft.EntityFrameworkCore.Update.Internal.BatchExecutor.ExecuteAsync(IEnumerable`1 commandBatches, IRelationalConnection connection, CancellationToken cancellationToken)
   at Microsoft.EntityFrameworkCore.Update.Internal.BatchExecutor.ExecuteAsync(IEnumerable`1 commandBatches, IRelationalConnection connection, CancellationToken cancellationToken)
   at Microsoft.EntityFrameworkCore.ChangeTracking.Internal.StateManager.SaveChangesAsync(IList`1 entriesToSave, CancellationToken cancellationToken)
   at Microsoft.EntityFrameworkCore.ChangeTracking.Internal.StateManager.SaveChangesAsync(StateManager stateManager, Boolean acceptAllChangesOnSuccess, CancellationToken cancellationToken)
   at Microsoft.EntityFrameworkCore.SqlServer.Storage.Internal.SqlServerExecutionStrategy.ExecuteAsync[TState,TResult](TState state, Func`4 operation, Func`4 verifySucceeded, CancellationToken cancellationToken)
   at Microsoft.EntityFrameworkCore.DbContext.SaveChangesAsync(Boolean acceptAllChangesOnSuccess, CancellationToken cancellationToken)
2025-12-24 18:17:04.539 +02:00 [WRN] No store type was specified for the decimal property 'Quantity' on entity type 'Ingredient'. This will cause values to be silently truncated if they do not fit in the default precision and scale. Explicitly specify the SQL server column type that can accommodate all the values in 'OnModelCreating' using 'HasColumnType', specify precision and scale using 'HasPrecision', or configure a value converter using 'HasConversion'.
2025-12-24 18:17:04.648 +02:00 [WRN] No store type was specified for the decimal property 'MinimumThreshold' on entity type 'InventoryItem'. This will cause values to be silently truncated if they do not fit in the default precision and scale. Explicitly specify the SQL server column type that can accommodate all the values in 'OnModelCreating' using 'HasColumnType', specify precision and scale using 'HasPrecision', or configure a value converter using 'HasConversion'.
2025-12-24 18:17:04.652 +02:00 [WRN] No store type was specified for the decimal property 'Quantity' on entity type 'InventoryItem'. This will cause values to be silently truncated if they do not fit in the default precision and scale. Explicitly specify the SQL server column type that can accommodate all the values in 'OnModelCreating' using 'HasColumnType', specify precision and scale using 'HasPrecision', or configure a value converter using 'HasConversion'.
2025-12-24 18:17:04.656 +02:00 [WRN] No store type was specified for the decimal property 'Price' on entity type 'MenuItem'. This will cause values to be silently truncated if they do not fit in the default precision and scale. Explicitly specify the SQL server column type that can accommodate all the values in 'OnModelCreating' using 'HasColumnType', specify precision and scale using 'HasPrecision', or configure a value converter using 'HasConversion'.
2025-12-24 18:17:04.659 +02:00 [WRN] No store type was specified for the decimal property 'TotalPrice' on entity type 'Order'. This will cause values to be silently truncated if they do not fit in the default precision and scale. Explicitly specify the SQL server column type that can accommodate all the values in 'OnModelCreating' using 'HasColumnType', specify precision and scale using 'HasPrecision', or configure a value converter using 'HasConversion'.
2025-12-24 18:17:04.663 +02:00 [WRN] No store type was specified for the decimal property 'UnitPrice' on entity type 'OrderItem'. This will cause values to be silently truncated if they do not fit in the default precision and scale. Explicitly specify the SQL server column type that can accommodate all the values in 'OnModelCreating' using 'HasColumnType', specify precision and scale using 'HasPrecision', or configure a value converter using 'HasConversion'.
2025-12-24 18:17:06.076 +02:00 [INF] Executed DbCommand (67ms) [Parameters=[], CommandType='"Text"', CommandTimeout='30']
SELECT CASE
    WHEN EXISTS (
        SELECT 1
        FROM [Users] AS [u]) THEN CAST(1 AS bit)
    ELSE CAST(0 AS bit)
END
2025-12-24 18:17:06.805 +02:00 [INF] Executed DbCommand (104ms) [Parameters=[@p0='?' (DbType = Guid), @p1='?' (Size = 4000), @p2='?' (Size = 4000), @p3='?' (Size = 4000), @p4='?' (DbType = Int32), @p5='?' (DbType = Guid), @p6='?' (Size = 4000), @p7='?' (Size = 4000), @p8='?' (Size = 4000), @p9='?' (DbType = Int32), @p10='?' (DbType = Guid), @p11='?' (Size = 4000), @p12='?' (Size = 4000), @p13='?' (Size = 4000), @p14='?' (DbType = Int32)], CommandType='"Text"', CommandTimeout='30']
SET IMPLICIT_TRANSACTIONS OFF;
SET NOCOUNT ON;
INSERT INTO [Users] ([Id], [Email], [ExternalId], [FullName], [Role])
VALUES (@p0, @p1, @p2, @p3, @p4),
(@p5, @p6, @p7, @p8, @p9),
(@p10, @p11, @p12, @p13, @p14);
2025-12-24 18:17:06.850 +02:00 [INF] Executed DbCommand (3ms) [Parameters=[], CommandType='"Text"', CommandTimeout='30']
SELECT CASE
    WHEN EXISTS (
        SELECT 1
        FROM [MenuItems] AS [m]) THEN CAST(1 AS bit)
    ELSE CAST(0 AS bit)
END
2025-12-24 18:17:06.862 +02:00 [INF] Executed DbCommand (1ms) [Parameters=[], CommandType='"Text"', CommandTimeout='30']
SELECT CASE
    WHEN EXISTS (
        SELECT 1
        FROM [Ingredients] AS [i]) THEN CAST(1 AS bit)
    ELSE CAST(0 AS bit)
END
2025-12-24 18:17:06.877 +02:00 [INF] Executed DbCommand (1ms) [Parameters=[], CommandType='"Text"', CommandTimeout='30']
SELECT CASE
    WHEN EXISTS (
        SELECT 1
        FROM [Reservations] AS [r]) THEN CAST(1 AS bit)
    ELSE CAST(0 AS bit)
END
2025-12-24 18:17:06.990 +02:00 [ERR] Failed executing DbCommand (13ms) [Parameters=[@p0='?' (DbType = Guid), @p1='?' (DbType = Guid), @p2='?' (DbType = Int32), @p3='?' (DbType = DateTime2), @p4='?' (DbType = Int32)], CommandType='"Text"', CommandTimeout='30']
SET IMPLICIT_TRANSACTIONS OFF;
SET NOCOUNT ON;
INSERT INTO [Reservations] ([Id], [CustomerId], [Guests], [ReservationTime], [Status])
VALUES (@p0, @p1, @p2, @p3, @p4);
2025-12-24 18:17:07.053 +02:00 [ERR] An exception occurred in the database while saving changes for context type 'SmartRestaurant.Infrastructure.Context.AppDbContext'.
Microsoft.EntityFrameworkCore.DbUpdateException: An error occurred while saving the entity changes. See the inner exception for details.
 ---> Microsoft.Data.SqlClient.SqlException (0x80131904): The INSERT statement conflicted with the FOREIGN KEY constraint "FK_Reservations_Users_CustomerId". The conflict occurred in database "SmartRestaurant", table "dbo.Users", column 'Id'.
The statement has been terminated.
   at Microsoft.Data.SqlClient.SqlCommand.<>c.<ExecuteDbDataReaderAsync>b__209_0(Task`1 result)
   at System.Threading.Tasks.ContinuationResultTaskFromResultTask`2.InnerInvoke()
   at System.Threading.ExecutionContext.RunInternal(ExecutionContext executionContext, ContextCallback callback, Object state)
--- End of stack trace from previous location ---
   at System.Threading.ExecutionContext.RunInternal(ExecutionContext executionContext, ContextCallback callback, Object state)
   at System.Threading.Tasks.Task.ExecuteWithThreadLocal(Task& currentTaskSlot, Thread threadPoolThread)
--- End of stack trace from previous location ---
   at Microsoft.EntityFrameworkCore.Storage.RelationalCommand.ExecuteReaderAsync(RelationalCommandParameterObject parameterObject, CancellationToken cancellationToken)
   at Microsoft.EntityFrameworkCore.Storage.RelationalCommand.ExecuteReaderAsync(RelationalCommandParameterObject parameterObject, CancellationToken cancellationToken)
   at Microsoft.EntityFrameworkCore.Update.ReaderModificationCommandBatch.ExecuteAsync(IRelationalConnection connection, CancellationToken cancellationToken)
ClientConnectionId:c711cc00-c2a3-4e68-b775-458495ffaf6d
Error Number:547,State:0,Class:16
   --- End of inner exception stack trace ---
   at Microsoft.EntityFrameworkCore.Update.ReaderModificationCommandBatch.ExecuteAsync(IRelationalConnection connection, CancellationToken cancellationToken)
   at Microsoft.EntityFrameworkCore.SqlServer.Update.Internal.SqlServerModificationCommandBatch.ExecuteAsync(IRelationalConnection connection, CancellationToken cancellationToken)
   at Microsoft.EntityFrameworkCore.Update.Internal.BatchExecutor.ExecuteAsync(IEnumerable`1 commandBatches, IRelationalConnection connection, CancellationToken cancellationToken)
   at Microsoft.EntityFrameworkCore.Update.Internal.BatchExecutor.ExecuteAsync(IEnumerable`1 commandBatches, IRelationalConnection connection, CancellationToken cancellationToken)
   at Microsoft.EntityFrameworkCore.Update.Internal.BatchExecutor.ExecuteAsync(IEnumerable`1 commandBatches, IRelationalConnection connection, CancellationToken cancellationToken)
   at Microsoft.EntityFrameworkCore.ChangeTracking.Internal.StateManager.SaveChangesAsync(IList`1 entriesToSave, CancellationToken cancellationToken)
   at Microsoft.EntityFrameworkCore.ChangeTracking.Internal.StateManager.SaveChangesAsync(StateManager stateManager, Boolean acceptAllChangesOnSuccess, CancellationToken cancellationToken)
   at Microsoft.EntityFrameworkCore.SqlServer.Storage.Internal.SqlServerExecutionStrategy.ExecuteAsync[TState,TResult](TState state, Func`4 operation, Func`4 verifySucceeded, CancellationToken cancellationToken)
   at Microsoft.EntityFrameworkCore.DbContext.SaveChangesAsync(Boolean acceptAllChangesOnSuccess, CancellationToken cancellationToken)
Microsoft.EntityFrameworkCore.DbUpdateException: An error occurred while saving the entity changes. See the inner exception for details.
 ---> Microsoft.Data.SqlClient.SqlException (0x80131904): The INSERT statement conflicted with the FOREIGN KEY constraint "FK_Reservations_Users_CustomerId". The conflict occurred in database "SmartRestaurant", table "dbo.Users", column 'Id'.
The statement has been terminated.
   at Microsoft.Data.SqlClient.SqlCommand.<>c.<ExecuteDbDataReaderAsync>b__209_0(Task`1 result)
   at System.Threading.Tasks.ContinuationResultTaskFromResultTask`2.InnerInvoke()
   at System.Threading.ExecutionContext.RunInternal(ExecutionContext executionContext, ContextCallback callback, Object state)
--- End of stack trace from previous location ---
   at System.Threading.ExecutionContext.RunInternal(ExecutionContext executionContext, ContextCallback callback, Object state)
   at System.Threading.Tasks.Task.ExecuteWithThreadLocal(Task& currentTaskSlot, Thread threadPoolThread)
--- End of stack trace from previous location ---
   at Microsoft.EntityFrameworkCore.Storage.RelationalCommand.ExecuteReaderAsync(RelationalCommandParameterObject parameterObject, CancellationToken cancellationToken)
   at Microsoft.EntityFrameworkCore.Storage.RelationalCommand.ExecuteReaderAsync(RelationalCommandParameterObject parameterObject, CancellationToken cancellationToken)
   at Microsoft.EntityFrameworkCore.Update.ReaderModificationCommandBatch.ExecuteAsync(IRelationalConnection connection, CancellationToken cancellationToken)
ClientConnectionId:c711cc00-c2a3-4e68-b775-458495ffaf6d
Error Number:547,State:0,Class:16
   --- End of inner exception stack trace ---
   at Microsoft.EntityFrameworkCore.Update.ReaderModificationCommandBatch.ExecuteAsync(IRelationalConnection connection, CancellationToken cancellationToken)
   at Microsoft.EntityFrameworkCore.SqlServer.Update.Internal.SqlServerModificationCommandBatch.ExecuteAsync(IRelationalConnection connection, CancellationToken cancellationToken)
   at Microsoft.EntityFrameworkCore.Update.Internal.BatchExecutor.ExecuteAsync(IEnumerable`1 commandBatches, IRelationalConnection connection, CancellationToken cancellationToken)
   at Microsoft.EntityFrameworkCore.Update.Internal.BatchExecutor.ExecuteAsync(IEnumerable`1 commandBatches, IRelationalConnection connection, CancellationToken cancellationToken)
   at Microsoft.EntityFrameworkCore.Update.Internal.BatchExecutor.ExecuteAsync(IEnumerable`1 commandBatches, IRelationalConnection connection, CancellationToken cancellationToken)
   at Microsoft.EntityFrameworkCore.ChangeTracking.Internal.StateManager.SaveChangesAsync(IList`1 entriesToSave, CancellationToken cancellationToken)
   at Microsoft.EntityFrameworkCore.ChangeTracking.Internal.StateManager.SaveChangesAsync(StateManager stateManager, Boolean acceptAllChangesOnSuccess, CancellationToken cancellationToken)
   at Microsoft.EntityFrameworkCore.SqlServer.Storage.Internal.SqlServerExecutionStrategy.ExecuteAsync[TState,TResult](TState state, Func`4 operation, Func`4 verifySucceeded, CancellationToken cancellationToken)
   at Microsoft.EntityFrameworkCore.DbContext.SaveChangesAsync(Boolean acceptAllChangesOnSuccess, CancellationToken cancellationToken)
2025-12-24 18:17:50.020 +02:00 [WRN] No store type was specified for the decimal property 'Quantity' on entity type 'Ingredient'. This will cause values to be silently truncated if they do not fit in the default precision and scale. Explicitly specify the SQL server column type that can accommodate all the values in 'OnModelCreating' using 'HasColumnType', specify precision and scale using 'HasPrecision', or configure a value converter using 'HasConversion'.
2025-12-24 18:17:50.113 +02:00 [WRN] No store type was specified for the decimal property 'MinimumThreshold' on entity type 'InventoryItem'. This will cause values to be silently truncated if they do not fit in the default precision and scale. Explicitly specify the SQL server column type that can accommodate all the values in 'OnModelCreating' using 'HasColumnType', specify precision and scale using 'HasPrecision', or configure a value converter using 'HasConversion'.
2025-12-24 18:17:50.118 +02:00 [WRN] No store type was specified for the decimal property 'Quantity' on entity type 'InventoryItem'. This will cause values to be silently truncated if they do not fit in the default precision and scale. Explicitly specify the SQL server column type that can accommodate all the values in 'OnModelCreating' using 'HasColumnType', specify precision and scale using 'HasPrecision', or configure a value converter using 'HasConversion'.
2025-12-24 18:17:50.123 +02:00 [WRN] No store type was specified for the decimal property 'Price' on entity type 'MenuItem'. This will cause values to be silently truncated if they do not fit in the default precision and scale. Explicitly specify the SQL server column type that can accommodate all the values in 'OnModelCreating' using 'HasColumnType', specify precision and scale using 'HasPrecision', or configure a value converter using 'HasConversion'.
2025-12-24 18:17:50.125 +02:00 [WRN] No store type was specified for the decimal property 'TotalPrice' on entity type 'Order'. This will cause values to be silently truncated if they do not fit in the default precision and scale. Explicitly specify the SQL server column type that can accommodate all the values in 'OnModelCreating' using 'HasColumnType', specify precision and scale using 'HasPrecision', or configure a value converter using 'HasConversion'.
2025-12-24 18:17:50.133 +02:00 [WRN] No store type was specified for the decimal property 'UnitPrice' on entity type 'OrderItem'. This will cause values to be silently truncated if they do not fit in the default precision and scale. Explicitly specify the SQL server column type that can accommodate all the values in 'OnModelCreating' using 'HasColumnType', specify precision and scale using 'HasPrecision', or configure a value converter using 'HasConversion'.
2025-12-24 18:17:51.302 +02:00 [INF] Executed DbCommand (36ms) [Parameters=[], CommandType='"Text"', CommandTimeout='30']
SELECT CASE
    WHEN EXISTS (
        SELECT 1
        FROM [Reservations] AS [r]) THEN CAST(1 AS bit)
    ELSE CAST(0 AS bit)
END
2025-12-24 18:17:51.960 +02:00 [ERR] Failed executing DbCommand (76ms) [Parameters=[@p0='?' (DbType = Guid), @p1='?' (DbType = Guid), @p2='?' (DbType = Int32), @p3='?' (DbType = DateTime2), @p4='?' (DbType = Int32)], CommandType='"Text"', CommandTimeout='30']
SET IMPLICIT_TRANSACTIONS OFF;
SET NOCOUNT ON;
INSERT INTO [Reservations] ([Id], [CustomerId], [Guests], [ReservationTime], [Status])
VALUES (@p0, @p1, @p2, @p3, @p4);
2025-12-24 18:17:52.034 +02:00 [ERR] An exception occurred in the database while saving changes for context type 'SmartRestaurant.Infrastructure.Context.AppDbContext'.
Microsoft.EntityFrameworkCore.DbUpdateException: An error occurred while saving the entity changes. See the inner exception for details.
 ---> Microsoft.Data.SqlClient.SqlException (0x80131904): The INSERT statement conflicted with the FOREIGN KEY constraint "FK_Reservations_Users_CustomerId". The conflict occurred in database "SmartRestaurant", table "dbo.Users", column 'Id'.
The statement has been terminated.
   at Microsoft.Data.SqlClient.SqlCommand.<>c.<ExecuteDbDataReaderAsync>b__209_0(Task`1 result)
   at System.Threading.Tasks.ContinuationResultTaskFromResultTask`2.InnerInvoke()
   at System.Threading.ExecutionContext.RunInternal(ExecutionContext executionContext, ContextCallback callback, Object state)
--- End of stack trace from previous location ---
   at System.Threading.ExecutionContext.RunInternal(ExecutionContext executionContext, ContextCallback callback, Object state)
   at System.Threading.Tasks.Task.ExecuteWithThreadLocal(Task& currentTaskSlot, Thread threadPoolThread)
--- End of stack trace from previous location ---
   at Microsoft.EntityFrameworkCore.Storage.RelationalCommand.ExecuteReaderAsync(RelationalCommandParameterObject parameterObject, CancellationToken cancellationToken)
   at Microsoft.EntityFrameworkCore.Storage.RelationalCommand.ExecuteReaderAsync(RelationalCommandParameterObject parameterObject, CancellationToken cancellationToken)
   at Microsoft.EntityFrameworkCore.Update.ReaderModificationCommandBatch.ExecuteAsync(IRelationalConnection connection, CancellationToken cancellationToken)
ClientConnectionId:10232a7e-7e56-4ad5-a15e-7e4e9687b619
Error Number:547,State:0,Class:16
   --- End of inner exception stack trace ---
   at Microsoft.EntityFrameworkCore.Update.ReaderModificationCommandBatch.ExecuteAsync(IRelationalConnection connection, CancellationToken cancellationToken)
   at Microsoft.EntityFrameworkCore.SqlServer.Update.Internal.SqlServerModificationCommandBatch.ExecuteAsync(IRelationalConnection connection, CancellationToken cancellationToken)
   at Microsoft.EntityFrameworkCore.Update.Internal.BatchExecutor.ExecuteAsync(IEnumerable`1 commandBatches, IRelationalConnection connection, CancellationToken cancellationToken)
   at Microsoft.EntityFrameworkCore.Update.Internal.BatchExecutor.ExecuteAsync(IEnumerable`1 commandBatches, IRelationalConnection connection, CancellationToken cancellationToken)
   at Microsoft.EntityFrameworkCore.Update.Internal.BatchExecutor.ExecuteAsync(IEnumerable`1 commandBatches, IRelationalConnection connection, CancellationToken cancellationToken)
   at Microsoft.EntityFrameworkCore.ChangeTracking.Internal.StateManager.SaveChangesAsync(IList`1 entriesToSave, CancellationToken cancellationToken)
   at Microsoft.EntityFrameworkCore.ChangeTracking.Internal.StateManager.SaveChangesAsync(StateManager stateManager, Boolean acceptAllChangesOnSuccess, CancellationToken cancellationToken)
   at Microsoft.EntityFrameworkCore.SqlServer.Storage.Internal.SqlServerExecutionStrategy.ExecuteAsync[TState,TResult](TState state, Func`4 operation, Func`4 verifySucceeded, CancellationToken cancellationToken)
   at Microsoft.EntityFrameworkCore.DbContext.SaveChangesAsync(Boolean acceptAllChangesOnSuccess, CancellationToken cancellationToken)
Microsoft.EntityFrameworkCore.DbUpdateException: An error occurred while saving the entity changes. See the inner exception for details.
 ---> Microsoft.Data.SqlClient.SqlException (0x80131904): The INSERT statement conflicted with the FOREIGN KEY constraint "FK_Reservations_Users_CustomerId". The conflict occurred in database "SmartRestaurant", table "dbo.Users", column 'Id'.
The statement has been terminated.
   at Microsoft.Data.SqlClient.SqlCommand.<>c.<ExecuteDbDataReaderAsync>b__209_0(Task`1 result)
   at System.Threading.Tasks.ContinuationResultTaskFromResultTask`2.InnerInvoke()
   at System.Threading.ExecutionContext.RunInternal(ExecutionContext executionContext, ContextCallback callback, Object state)
--- End of stack trace from previous location ---
   at System.Threading.ExecutionContext.RunInternal(ExecutionContext executionContext, ContextCallback callback, Object state)
   at System.Threading.Tasks.Task.ExecuteWithThreadLocal(Task& currentTaskSlot, Thread threadPoolThread)
--- End of stack trace from previous location ---
   at Microsoft.EntityFrameworkCore.Storage.RelationalCommand.ExecuteReaderAsync(RelationalCommandParameterObject parameterObject, CancellationToken cancellationToken)
   at Microsoft.EntityFrameworkCore.Storage.RelationalCommand.ExecuteReaderAsync(RelationalCommandParameterObject parameterObject, CancellationToken cancellationToken)
   at Microsoft.EntityFrameworkCore.Update.ReaderModificationCommandBatch.ExecuteAsync(IRelationalConnection connection, CancellationToken cancellationToken)
ClientConnectionId:10232a7e-7e56-4ad5-a15e-7e4e9687b619
Error Number:547,State:0,Class:16
   --- End of inner exception stack trace ---
   at Microsoft.EntityFrameworkCore.Update.ReaderModificationCommandBatch.ExecuteAsync(IRelationalConnection connection, CancellationToken cancellationToken)
   at Microsoft.EntityFrameworkCore.SqlServer.Update.Internal.SqlServerModificationCommandBatch.ExecuteAsync(IRelationalConnection connection, CancellationToken cancellationToken)
   at Microsoft.EntityFrameworkCore.Update.Internal.BatchExecutor.ExecuteAsync(IEnumerable`1 commandBatches, IRelationalConnection connection, CancellationToken cancellationToken)
   at Microsoft.EntityFrameworkCore.Update.Internal.BatchExecutor.ExecuteAsync(IEnumerable`1 commandBatches, IRelationalConnection connection, CancellationToken cancellationToken)
   at Microsoft.EntityFrameworkCore.Update.Internal.BatchExecutor.ExecuteAsync(IEnumerable`1 commandBatches, IRelationalConnection connection, CancellationToken cancellationToken)
   at Microsoft.EntityFrameworkCore.ChangeTracking.Internal.StateManager.SaveChangesAsync(IList`1 entriesToSave, CancellationToken cancellationToken)
   at Microsoft.EntityFrameworkCore.ChangeTracking.Internal.StateManager.SaveChangesAsync(StateManager stateManager, Boolean acceptAllChangesOnSuccess, CancellationToken cancellationToken)
   at Microsoft.EntityFrameworkCore.SqlServer.Storage.Internal.SqlServerExecutionStrategy.ExecuteAsync[TState,TResult](TState state, Func`4 operation, Func`4 verifySucceeded, CancellationToken cancellationToken)
   at Microsoft.EntityFrameworkCore.DbContext.SaveChangesAsync(Boolean acceptAllChangesOnSuccess, CancellationToken cancellationToken)
2025-12-24 18:20:28.849 +02:00 [WRN] No store type was specified for the decimal property 'Quantity' on entity type 'Ingredient'. This will cause values to be silently truncated if they do not fit in the default precision and scale. Explicitly specify the SQL server column type that can accommodate all the values in 'OnModelCreating' using 'HasColumnType', specify precision and scale using 'HasPrecision', or configure a value converter using 'HasConversion'.
2025-12-24 18:20:28.962 +02:00 [WRN] No store type was specified for the decimal property 'MinimumThreshold' on entity type 'InventoryItem'. This will cause values to be silently truncated if they do not fit in the default precision and scale. Explicitly specify the SQL server column type that can accommodate all the values in 'OnModelCreating' using 'HasColumnType', specify precision and scale using 'HasPrecision', or configure a value converter using 'HasConversion'.
2025-12-24 18:20:28.967 +02:00 [WRN] No store type was specified for the decimal property 'Quantity' on entity type 'InventoryItem'. This will cause values to be silently truncated if they do not fit in the default precision and scale. Explicitly specify the SQL server column type that can accommodate all the values in 'OnModelCreating' using 'HasColumnType', specify precision and scale using 'HasPrecision', or configure a value converter using 'HasConversion'.
2025-12-24 18:20:28.973 +02:00 [WRN] No store type was specified for the decimal property 'Price' on entity type 'MenuItem'. This will cause values to be silently truncated if they do not fit in the default precision and scale. Explicitly specify the SQL server column type that can accommodate all the values in 'OnModelCreating' using 'HasColumnType', specify precision and scale using 'HasPrecision', or configure a value converter using 'HasConversion'.
2025-12-24 18:20:28.975 +02:00 [WRN] No store type was specified for the decimal property 'TotalPrice' on entity type 'Order'. This will cause values to be silently truncated if they do not fit in the default precision and scale. Explicitly specify the SQL server column type that can accommodate all the values in 'OnModelCreating' using 'HasColumnType', specify precision and scale using 'HasPrecision', or configure a value converter using 'HasConversion'.
2025-12-24 18:20:28.978 +02:00 [WRN] No store type was specified for the decimal property 'UnitPrice' on entity type 'OrderItem'. This will cause values to be silently truncated if they do not fit in the default precision and scale. Explicitly specify the SQL server column type that can accommodate all the values in 'OnModelCreating' using 'HasColumnType', specify precision and scale using 'HasPrecision', or configure a value converter using 'HasConversion'.
2025-12-24 18:20:30.295 +02:00 [INF] Executed DbCommand (39ms) [Parameters=[], CommandType='"Text"', CommandTimeout='30']
SELECT CASE
    WHEN EXISTS (
        SELECT 1
        FROM [Reservations] AS [r]) THEN CAST(1 AS bit)
    ELSE CAST(0 AS bit)
END
2025-12-24 18:20:31.055 +02:00 [ERR] Failed executing DbCommand (96ms) [Parameters=[@p0='?' (DbType = Guid), @p1='?' (DbType = Guid), @p2='?' (DbType = Int32), @p3='?' (DbType = DateTime2), @p4='?' (DbType = Int32)], CommandType='"Text"', CommandTimeout='30']
SET IMPLICIT_TRANSACTIONS OFF;
SET NOCOUNT ON;
INSERT INTO [Reservations] ([Id], [CustomerId], [Guests], [ReservationTime], [Status])
VALUES (@p0, @p1, @p2, @p3, @p4);
2025-12-24 18:20:31.135 +02:00 [ERR] An exception occurred in the database while saving changes for context type 'SmartRestaurant.Infrastructure.Context.AppDbContext'.
Microsoft.EntityFrameworkCore.DbUpdateException: An error occurred while saving the entity changes. See the inner exception for details.
 ---> Microsoft.Data.SqlClient.SqlException (0x80131904): The INSERT statement conflicted with the FOREIGN KEY constraint "FK_Reservations_Users_CustomerId". The conflict occurred in database "SmartRestaurant", table "dbo.Users", column 'Id'.
The statement has been terminated.
   at Microsoft.Data.SqlClient.SqlCommand.<>c.<ExecuteDbDataReaderAsync>b__209_0(Task`1 result)
   at System.Threading.Tasks.ContinuationResultTaskFromResultTask`2.InnerInvoke()
   at System.Threading.ExecutionContext.RunInternal(ExecutionContext executionContext, ContextCallback callback, Object state)
--- End of stack trace from previous location ---
   at System.Threading.ExecutionContext.RunInternal(ExecutionContext executionContext, ContextCallback callback, Object state)
   at System.Threading.Tasks.Task.ExecuteWithThreadLocal(Task& currentTaskSlot, Thread threadPoolThread)
--- End of stack trace from previous location ---
   at Microsoft.EntityFrameworkCore.Storage.RelationalCommand.ExecuteReaderAsync(RelationalCommandParameterObject parameterObject, CancellationToken cancellationToken)
   at Microsoft.EntityFrameworkCore.Storage.RelationalCommand.ExecuteReaderAsync(RelationalCommandParameterObject parameterObject, CancellationToken cancellationToken)
   at Microsoft.EntityFrameworkCore.Update.ReaderModificationCommandBatch.ExecuteAsync(IRelationalConnection connection, CancellationToken cancellationToken)
ClientConnectionId:cbf1c8c2-130d-47ed-b6bf-7bedf55b452d
Error Number:547,State:0,Class:16
   --- End of inner exception stack trace ---
   at Microsoft.EntityFrameworkCore.Update.ReaderModificationCommandBatch.ExecuteAsync(IRelationalConnection connection, CancellationToken cancellationToken)
   at Microsoft.EntityFrameworkCore.SqlServer.Update.Internal.SqlServerModificationCommandBatch.ExecuteAsync(IRelationalConnection connection, CancellationToken cancellationToken)
   at Microsoft.EntityFrameworkCore.Update.Internal.BatchExecutor.ExecuteAsync(IEnumerable`1 commandBatches, IRelationalConnection connection, CancellationToken cancellationToken)
   at Microsoft.EntityFrameworkCore.Update.Internal.BatchExecutor.ExecuteAsync(IEnumerable`1 commandBatches, IRelationalConnection connection, CancellationToken cancellationToken)
   at Microsoft.EntityFrameworkCore.Update.Internal.BatchExecutor.ExecuteAsync(IEnumerable`1 commandBatches, IRelationalConnection connection, CancellationToken cancellationToken)
   at Microsoft.EntityFrameworkCore.ChangeTracking.Internal.StateManager.SaveChangesAsync(IList`1 entriesToSave, CancellationToken cancellationToken)
   at Microsoft.EntityFrameworkCore.ChangeTracking.Internal.StateManager.SaveChangesAsync(StateManager stateManager, Boolean acceptAllChangesOnSuccess, CancellationToken cancellationToken)
   at Microsoft.EntityFrameworkCore.SqlServer.Storage.Internal.SqlServerExecutionStrategy.ExecuteAsync[TState,TResult](TState state, Func`4 operation, Func`4 verifySucceeded, CancellationToken cancellationToken)
   at Microsoft.EntityFrameworkCore.DbContext.SaveChangesAsync(Boolean acceptAllChangesOnSuccess, CancellationToken cancellationToken)
Microsoft.EntityFrameworkCore.DbUpdateException: An error occurred while saving the entity changes. See the inner exception for details.
 ---> Microsoft.Data.SqlClient.SqlException (0x80131904): The INSERT statement conflicted with the FOREIGN KEY constraint "FK_Reservations_Users_CustomerId". The conflict occurred in database "SmartRestaurant", table "dbo.Users", column 'Id'.
The statement has been terminated.
   at Microsoft.Data.SqlClient.SqlCommand.<>c.<ExecuteDbDataReaderAsync>b__209_0(Task`1 result)
   at System.Threading.Tasks.ContinuationResultTaskFromResultTask`2.InnerInvoke()
   at System.Threading.ExecutionContext.RunInternal(ExecutionContext executionContext, ContextCallback callback, Object state)
--- End of stack trace from previous location ---
   at System.Threading.ExecutionContext.RunInternal(ExecutionContext executionContext, ContextCallback callback, Object state)
   at System.Threading.Tasks.Task.ExecuteWithThreadLocal(Task& currentTaskSlot, Thread threadPoolThread)
--- End of stack trace from previous location ---
   at Microsoft.EntityFrameworkCore.Storage.RelationalCommand.ExecuteReaderAsync(RelationalCommandParameterObject parameterObject, CancellationToken cancellationToken)
   at Microsoft.EntityFrameworkCore.Storage.RelationalCommand.ExecuteReaderAsync(RelationalCommandParameterObject parameterObject, CancellationToken cancellationToken)
   at Microsoft.EntityFrameworkCore.Update.ReaderModificationCommandBatch.ExecuteAsync(IRelationalConnection connection, CancellationToken cancellationToken)
ClientConnectionId:cbf1c8c2-130d-47ed-b6bf-7bedf55b452d
Error Number:547,State:0,Class:16
   --- End of inner exception stack trace ---
   at Microsoft.EntityFrameworkCore.Update.ReaderModificationCommandBatch.ExecuteAsync(IRelationalConnection connection, CancellationToken cancellationToken)
   at Microsoft.EntityFrameworkCore.SqlServer.Update.Internal.SqlServerModificationCommandBatch.ExecuteAsync(IRelationalConnection connection, CancellationToken cancellationToken)
   at Microsoft.EntityFrameworkCore.Update.Internal.BatchExecutor.ExecuteAsync(IEnumerable`1 commandBatches, IRelationalConnection connection, CancellationToken cancellationToken)
   at Microsoft.EntityFrameworkCore.Update.Internal.BatchExecutor.ExecuteAsync(IEnumerable`1 commandBatches, IRelationalConnection connection, CancellationToken cancellationToken)
   at Microsoft.EntityFrameworkCore.Update.Internal.BatchExecutor.ExecuteAsync(IEnumerable`1 commandBatches, IRelationalConnection connection, CancellationToken cancellationToken)
   at Microsoft.EntityFrameworkCore.ChangeTracking.Internal.StateManager.SaveChangesAsync(IList`1 entriesToSave, CancellationToken cancellationToken)
   at Microsoft.EntityFrameworkCore.ChangeTracking.Internal.StateManager.SaveChangesAsync(StateManager stateManager, Boolean acceptAllChangesOnSuccess, CancellationToken cancellationToken)
   at Microsoft.EntityFrameworkCore.SqlServer.Storage.Internal.SqlServerExecutionStrategy.ExecuteAsync[TState,TResult](TState state, Func`4 operation, Func`4 verifySucceeded, CancellationToken cancellationToken)
   at Microsoft.EntityFrameworkCore.DbContext.SaveChangesAsync(Boolean acceptAllChangesOnSuccess, CancellationToken cancellationToken)
2025-12-24 18:21:44.913 +02:00 [WRN] No store type was specified for the decimal property 'Quantity' on entity type 'Ingredient'. This will cause values to be silently truncated if they do not fit in the default precision and scale. Explicitly specify the SQL server column type that can accommodate all the values in 'OnModelCreating' using 'HasColumnType', specify precision and scale using 'HasPrecision', or configure a value converter using 'HasConversion'.
2025-12-24 18:21:44.957 +02:00 [WRN] No store type was specified for the decimal property 'MinimumThreshold' on entity type 'InventoryItem'. This will cause values to be silently truncated if they do not fit in the default precision and scale. Explicitly specify the SQL server column type that can accommodate all the values in 'OnModelCreating' using 'HasColumnType', specify precision and scale using 'HasPrecision', or configure a value converter using 'HasConversion'.
2025-12-24 18:21:44.959 +02:00 [WRN] No store type was specified for the decimal property 'Quantity' on entity type 'InventoryItem'. This will cause values to be silently truncated if they do not fit in the default precision and scale. Explicitly specify the SQL server column type that can accommodate all the values in 'OnModelCreating' using 'HasColumnType', specify precision and scale using 'HasPrecision', or configure a value converter using 'HasConversion'.
2025-12-24 18:21:44.961 +02:00 [WRN] No store type was specified for the decimal property 'Price' on entity type 'MenuItem'. This will cause values to be silently truncated if they do not fit in the default precision and scale. Explicitly specify the SQL server column type that can accommodate all the values in 'OnModelCreating' using 'HasColumnType', specify precision and scale using 'HasPrecision', or configure a value converter using 'HasConversion'.
2025-12-24 18:21:44.962 +02:00 [WRN] No store type was specified for the decimal property 'TotalPrice' on entity type 'Order'. This will cause values to be silently truncated if they do not fit in the default precision and scale. Explicitly specify the SQL server column type that can accommodate all the values in 'OnModelCreating' using 'HasColumnType', specify precision and scale using 'HasPrecision', or configure a value converter using 'HasConversion'.
2025-12-24 18:21:44.964 +02:00 [WRN] No store type was specified for the decimal property 'UnitPrice' on entity type 'OrderItem'. This will cause values to be silently truncated if they do not fit in the default precision and scale. Explicitly specify the SQL server column type that can accommodate all the values in 'OnModelCreating' using 'HasColumnType', specify precision and scale using 'HasPrecision', or configure a value converter using 'HasConversion'.
2025-12-24 18:21:46.276 +02:00 [INF] Executed DbCommand (40ms) [Parameters=[], CommandType='"Text"', CommandTimeout='30']
SELECT CASE
    WHEN EXISTS (
        SELECT 1
        FROM [Reservations] AS [r]) THEN CAST(1 AS bit)
    ELSE CAST(0 AS bit)
END
2025-12-24 18:21:46.975 +02:00 [INF] Executed DbCommand (83ms) [Parameters=[@p0='?' (DbType = Guid), @p1='?' (DbType = Guid), @p2='?' (DbType = Int32), @p3='?' (DbType = DateTime2), @p4='?' (DbType = Int32)], CommandType='"Text"', CommandTimeout='30']
SET IMPLICIT_TRANSACTIONS OFF;
SET NOCOUNT ON;
INSERT INTO [Reservations] ([Id], [CustomerId], [Guests], [ReservationTime], [Status])
VALUES (@p0, @p1, @p2, @p3, @p4);
2025-12-24 18:21:47.016 +02:00 [INF] Executed DbCommand (3ms) [Parameters=[], CommandType='"Text"', CommandTimeout='30']
SELECT CASE
    WHEN EXISTS (
        SELECT 1
        FROM [Users] AS [u]) THEN CAST(1 AS bit)
    ELSE CAST(0 AS bit)
END
2025-12-24 18:21:47.032 +02:00 [INF] Executed DbCommand (6ms) [Parameters=[], CommandType='"Text"', CommandTimeout='30']
SELECT CASE
    WHEN EXISTS (
        SELECT 1
        FROM [MenuItems] AS [m]) THEN CAST(1 AS bit)
    ELSE CAST(0 AS bit)
END
2025-12-24 18:21:47.053 +02:00 [INF] Executed DbCommand (8ms) [Parameters=[], CommandType='"Text"', CommandTimeout='30']
SELECT CASE
    WHEN EXISTS (
        SELECT 1
        FROM [Ingredients] AS [i]) THEN CAST(1 AS bit)
    ELSE CAST(0 AS bit)
END
2025-12-24 18:21:47.258 +02:00 [INF] No action descriptors found. This may indicate an incorrectly configured application or missing application parts. To learn more, visit https://aka.ms/aspnet/mvc/app-parts
2025-12-24 18:21:47.827 +02:00 [INF] Now listening on: https://localhost:7252
2025-12-24 18:21:47.832 +02:00 [INF] Now listening on: http://localhost:5296
2025-12-24 18:21:47.919 +02:00 [INF] Application started. Press Ctrl+C to shut down.
2025-12-24 18:21:47.921 +02:00 [INF] Hosting environment: Development
2025-12-24 18:21:47.926 +02:00 [INF] Content root path: C:\Users\User\source\repos\SmartRestaurant\SmartRestaurant.API
2025-12-24 18:21:48.391 +02:00 [INF] Request starting HTTP/2 GET https://localhost:7252/swagger - null null
2025-12-24 18:21:48.677 +02:00 [INF] Request finished HTTP/2 GET https://localhost:7252/swagger - 301 null null 311.4748ms
2025-12-24 18:21:48.679 +02:00 [INF] Request starting HTTP/2 GET https://localhost:7252/swagger/index.html - null null
2025-12-24 18:21:48.851 +02:00 [INF] Request finished HTTP/2 GET https://localhost:7252/swagger/index.html - 200 null text/html;charset=utf-8 171.846ms
2025-12-24 18:21:48.859 +02:00 [INF] Request starting HTTP/2 GET https://localhost:7252/swagger/swagger-ui-standalone-preset.js - null null
2025-12-24 18:21:48.856 +02:00 [INF] Request starting HTTP/2 GET https://localhost:7252/swagger/swagger-ui-bundle.js - null null
2025-12-24 18:21:48.855 +02:00 [INF] Request starting HTTP/2 GET https://localhost:7252/swagger/swagger-ui.css - null null
2025-12-24 18:21:48.855 +02:00 [INF] Request starting HTTP/2 GET https://localhost:7252/swagger/index.css - null null
2025-12-24 18:21:48.886 +02:00 [INF] Request starting HTTP/2 GET https://localhost:7252/_vs/browserLink - null null
2025-12-24 18:21:48.914 +02:00 [INF] Request finished HTTP/2 GET https://localhost:7252/swagger/index.css - 200 152 text/css 58.6717ms
2025-12-24 18:21:48.869 +02:00 [INF] Request starting HTTP/2 GET https://localhost:7252/swagger/index.js - null null
2025-12-24 18:21:48.882 +02:00 [INF] Request starting HTTP/2 GET https://localhost:7252/_framework/aspnetcore-browser-refresh.js - null null
2025-12-24 18:21:48.999 +02:00 [INF] Request finished HTTP/2 GET https://localhost:7252/swagger/swagger-ui.css - 200 26248 text/css 143.2283ms
2025-12-24 18:21:48.998 +02:00 [INF] Request finished HTTP/2 GET https://localhost:7252/swagger/index.js - 200 null application/javascript;charset=utf-8 129.3542ms
2025-12-24 18:21:49.005 +02:00 [INF] Request finished HTTP/2 GET https://localhost:7252/swagger/swagger-ui-bundle.js - 200 424871 text/javascript 148.5594ms
2025-12-24 18:21:49.014 +02:00 [INF] Request finished HTTP/2 GET https://localhost:7252/_framework/aspnetcore-browser-refresh.js - 200 16523 application/javascript; charset=utf-8 133.5908ms
2025-12-24 18:21:48.999 +02:00 [INF] Request finished HTTP/2 GET https://localhost:7252/swagger/swagger-ui-standalone-preset.js - 200 77848 text/javascript 139.6424ms
2025-12-24 18:21:49.050 +02:00 [INF] Request finished HTTP/2 GET https://localhost:7252/_vs/browserLink - 200 null text/javascript; charset=UTF-8 163.7765ms
2025-12-24 18:21:49.197 +02:00 [INF] Request starting HTTP/2 GET https://localhost:7252/swagger/v1/swagger.json - null null
2025-12-24 18:21:49.215 +02:00 [INF] Request starting HTTP/2 GET https://localhost:7252/swagger/favicon-32x32.png - null null
2025-12-24 18:21:49.219 +02:00 [INF] Request finished HTTP/2 GET https://localhost:7252/swagger/v1/swagger.json - 200 null application/json;charset=utf-8 22.0802ms
2025-12-24 18:21:49.226 +02:00 [INF] Request finished HTTP/2 GET https://localhost:7252/swagger/favicon-32x32.png - 200 628 image/png 12.5925ms
2025-12-24 18:24:52.563 +02:00 [WRN] No store type was specified for the decimal property 'Quantity' on entity type 'Ingredient'. This will cause values to be silently truncated if they do not fit in the default precision and scale. Explicitly specify the SQL server column type that can accommodate all the values in 'OnModelCreating' using 'HasColumnType', specify precision and scale using 'HasPrecision', or configure a value converter using 'HasConversion'.
2025-12-24 18:24:52.655 +02:00 [WRN] No store type was specified for the decimal property 'MinimumThreshold' on entity type 'InventoryItem'. This will cause values to be silently truncated if they do not fit in the default precision and scale. Explicitly specify the SQL server column type that can accommodate all the values in 'OnModelCreating' using 'HasColumnType', specify precision and scale using 'HasPrecision', or configure a value converter using 'HasConversion'.
2025-12-24 18:24:52.659 +02:00 [WRN] No store type was specified for the decimal property 'Quantity' on entity type 'InventoryItem'. This will cause values to be silently truncated if they do not fit in the default precision and scale. Explicitly specify the SQL server column type that can accommodate all the values in 'OnModelCreating' using 'HasColumnType', specify precision and scale using 'HasPrecision', or configure a value converter using 'HasConversion'.
2025-12-24 18:24:52.663 +02:00 [WRN] No store type was specified for the decimal property 'Price' on entity type 'MenuItem'. This will cause values to be silently truncated if they do not fit in the default precision and scale. Explicitly specify the SQL server column type that can accommodate all the values in 'OnModelCreating' using 'HasColumnType', specify precision and scale using 'HasPrecision', or configure a value converter using 'HasConversion'.
2025-12-24 18:24:52.667 +02:00 [WRN] No store type was specified for the decimal property 'TotalPrice' on entity type 'Order'. This will cause values to be silently truncated if they do not fit in the default precision and scale. Explicitly specify the SQL server column type that can accommodate all the values in 'OnModelCreating' using 'HasColumnType', specify precision and scale using 'HasPrecision', or configure a value converter using 'HasConversion'.
2025-12-24 18:24:52.678 +02:00 [WRN] No store type was specified for the decimal property 'UnitPrice' on entity type 'OrderItem'. This will cause values to be silently truncated if they do not fit in the default precision and scale. Explicitly specify the SQL server column type that can accommodate all the values in 'OnModelCreating' using 'HasColumnType', specify precision and scale using 'HasPrecision', or configure a value converter using 'HasConversion'.
2025-12-24 18:24:54.052 +02:00 [INF] Executed DbCommand (37ms) [Parameters=[], CommandType='"Text"', CommandTimeout='30']
SELECT CASE
    WHEN EXISTS (
        SELECT 1
        FROM [Reservations] AS [r]) THEN CAST(1 AS bit)
    ELSE CAST(0 AS bit)
END
2025-12-24 18:24:54.115 +02:00 [INF] Executed DbCommand (7ms) [Parameters=[], CommandType='"Text"', CommandTimeout='30']
SELECT CASE
    WHEN EXISTS (
        SELECT 1
        FROM [Users] AS [u]) THEN CAST(1 AS bit)
    ELSE CAST(0 AS bit)
END
2025-12-24 18:24:54.137 +02:00 [INF] Executed DbCommand (7ms) [Parameters=[], CommandType='"Text"', CommandTimeout='30']
SELECT CASE
    WHEN EXISTS (
        SELECT 1
        FROM [MenuItems] AS [m]) THEN CAST(1 AS bit)
    ELSE CAST(0 AS bit)
END
2025-12-24 18:24:54.152 +02:00 [INF] Executed DbCommand (5ms) [Parameters=[], CommandType='"Text"', CommandTimeout='30']
SELECT CASE
    WHEN EXISTS (
        SELECT 1
        FROM [Ingredients] AS [i]) THEN CAST(1 AS bit)
    ELSE CAST(0 AS bit)
END
2025-12-24 18:24:54.176 +02:00 [INF] Executed DbCommand (12ms) [Parameters=[], CommandType='"Text"', CommandTimeout='30']
SELECT CASE
    WHEN EXISTS (
        SELECT 1
        FROM [InventoryItems] AS [i]) THEN CAST(1 AS bit)
    ELSE CAST(0 AS bit)
END
2025-12-24 18:24:54.869 +02:00 [INF] Executed DbCommand (95ms) [Parameters=[@p0='?' (DbType = Guid), @p1='?' (DbType = DateTime2), @p2='?' (Precision = 18) (Scale = 2) (DbType = Decimal), @p3='?' (Size = 4000), @p4='?' (Precision = 18) (Scale = 2) (DbType = Decimal), @p5='?' (Size = 4000), @p6='?' (DbType = Guid), @p7='?' (DbType = DateTime2), @p8='?' (Precision = 18) (Scale = 2) (DbType = Decimal), @p9='?' (Size = 4000), @p10='?' (Precision = 18) (Scale = 2) (DbType = Decimal), @p11='?' (Size = 4000), @p12='?' (DbType = Guid), @p13='?' (DbType = DateTime2), @p14='?' (Precision = 18) (Scale = 2) (DbType = Decimal), @p15='?' (Size = 4000), @p16='?' (Precision = 18) (Scale = 2) (DbType = Decimal), @p17='?' (Size = 4000), @p18='?' (DbType = Guid), @p19='?' (DbType = DateTime2), @p20='?' (Precision = 18) (Scale = 2) (DbType = Decimal), @p21='?' (Size = 4000), @p22='?' (Precision = 18) (Scale = 2) (DbType = Decimal), @p23='?' (Size = 4000), @p24='?' (DbType = Guid), @p25='?' (DbType = DateTime2), @p26='?' (Precision = 18) (Scale = 2) (DbType = Decimal), @p27='?' (Size = 4000), @p28='?' (Precision = 18) (Scale = 2) (DbType = Decimal), @p29='?' (Size = 4000), @p30='?' (DbType = Guid), @p31='?' (DbType = DateTime2), @p32='?' (Precision = 18) (Scale = 2) (DbType = Decimal), @p33='?' (Size = 4000), @p34='?' (Precision = 18) (Scale = 2) (DbType = Decimal), @p35='?' (Size = 4000), @p36='?' (DbType = Guid), @p37='?' (DbType = DateTime2), @p38='?' (Precision = 18) (Scale = 2) (DbType = Decimal), @p39='?' (Size = 4000), @p40='?' (Precision = 18) (Scale = 2) (DbType = Decimal), @p41='?' (Size = 4000), @p42='?' (DbType = Guid), @p43='?' (DbType = DateTime2), @p44='?' (Precision = 18) (Scale = 2) (DbType = Decimal), @p45='?' (Size = 4000), @p46='?' (Precision = 18) (Scale = 2) (DbType = Decimal), @p47='?' (Size = 4000), @p48='?' (DbType = Guid), @p49='?' (DbType = DateTime2), @p50='?' (Precision = 18) (Scale = 2) (DbType = Decimal), @p51='?' (Size = 4000), @p52='?' (Precision = 18) (Scale = 2) (DbType = Decimal), @p53='?' (Size = 4000), @p54='?' (DbType = Guid), @p55='?' (DbType = DateTime2), @p56='?' (Precision = 18) (Scale = 2) (DbType = Decimal), @p57='?' (Size = 4000), @p58='?' (Precision = 18) (Scale = 2) (DbType = Decimal), @p59='?' (Size = 4000)], CommandType='"Text"', CommandTimeout='30']
SET IMPLICIT_TRANSACTIONS OFF;
SET NOCOUNT ON;
INSERT INTO [InventoryItems] ([Id], [LastUpdated], [MinimumThreshold], [Name], [Quantity], [Unit])
VALUES (@p0, @p1, @p2, @p3, @p4, @p5),
(@p6, @p7, @p8, @p9, @p10, @p11),
(@p12, @p13, @p14, @p15, @p16, @p17),
(@p18, @p19, @p20, @p21, @p22, @p23),
(@p24, @p25, @p26, @p27, @p28, @p29),
(@p30, @p31, @p32, @p33, @p34, @p35),
(@p36, @p37, @p38, @p39, @p40, @p41),
(@p42, @p43, @p44, @p45, @p46, @p47),
(@p48, @p49, @p50, @p51, @p52, @p53),
(@p54, @p55, @p56, @p57, @p58, @p59);
2025-12-24 18:24:54.917 +02:00 [INF] Executed DbCommand (5ms) [Parameters=[], CommandType='"Text"', CommandTimeout='30']
SELECT CASE
    WHEN EXISTS (
        SELECT 1
        FROM [LoyaltyAccounts] AS [l]) THEN CAST(1 AS bit)
    ELSE CAST(0 AS bit)
END
2025-12-24 18:24:55.137 +02:00 [ERR] Failed executing DbCommand (57ms) [Parameters=[@p0='?' (DbType = Guid), @p1='?' (DbType = Int32), @p2='?' (DbType = Int32), @p3='?' (DbType = Guid)], CommandType='"Text"', CommandTimeout='30']
SET IMPLICIT_TRANSACTIONS OFF;
SET NOCOUNT ON;
INSERT INTO [LoyaltyAccounts] ([Id], [Points], [Tier], [UserId])
VALUES (@p0, @p1, @p2, @p3);
2025-12-24 18:24:55.216 +02:00 [ERR] An exception occurred in the database while saving changes for context type 'SmartRestaurant.Infrastructure.Context.AppDbContext'.
Microsoft.EntityFrameworkCore.DbUpdateException: An error occurred while saving the entity changes. See the inner exception for details.
 ---> Microsoft.Data.SqlClient.SqlException (0x80131904): The INSERT statement conflicted with the FOREIGN KEY constraint "FK_LoyaltyAccounts_Users_UserId". The conflict occurred in database "SmartRestaurant", table "dbo.Users", column 'Id'.
The statement has been terminated.
   at Microsoft.Data.SqlClient.SqlCommand.<>c.<ExecuteDbDataReaderAsync>b__209_0(Task`1 result)
   at System.Threading.Tasks.ContinuationResultTaskFromResultTask`2.InnerInvoke()
   at System.Threading.ExecutionContext.RunInternal(ExecutionContext executionContext, ContextCallback callback, Object state)
--- End of stack trace from previous location ---
   at System.Threading.ExecutionContext.RunInternal(ExecutionContext executionContext, ContextCallback callback, Object state)
   at System.Threading.Tasks.Task.ExecuteWithThreadLocal(Task& currentTaskSlot, Thread threadPoolThread)
--- End of stack trace from previous location ---
   at Microsoft.EntityFrameworkCore.Storage.RelationalCommand.ExecuteReaderAsync(RelationalCommandParameterObject parameterObject, CancellationToken cancellationToken)
   at Microsoft.EntityFrameworkCore.Storage.RelationalCommand.ExecuteReaderAsync(RelationalCommandParameterObject parameterObject, CancellationToken cancellationToken)
   at Microsoft.EntityFrameworkCore.Update.ReaderModificationCommandBatch.ExecuteAsync(IRelationalConnection connection, CancellationToken cancellationToken)
ClientConnectionId:4b68d693-cc2e-48a3-a4ea-e83f53c6fd91
Error Number:547,State:0,Class:16
   --- End of inner exception stack trace ---
   at Microsoft.EntityFrameworkCore.Update.ReaderModificationCommandBatch.ExecuteAsync(IRelationalConnection connection, CancellationToken cancellationToken)
   at Microsoft.EntityFrameworkCore.SqlServer.Update.Internal.SqlServerModificationCommandBatch.ExecuteAsync(IRelationalConnection connection, CancellationToken cancellationToken)
   at Microsoft.EntityFrameworkCore.Update.Internal.BatchExecutor.ExecuteAsync(IEnumerable`1 commandBatches, IRelationalConnection connection, CancellationToken cancellationToken)
   at Microsoft.EntityFrameworkCore.Update.Internal.BatchExecutor.ExecuteAsync(IEnumerable`1 commandBatches, IRelationalConnection connection, CancellationToken cancellationToken)
   at Microsoft.EntityFrameworkCore.Update.Internal.BatchExecutor.ExecuteAsync(IEnumerable`1 commandBatches, IRelationalConnection connection, CancellationToken cancellationToken)
   at Microsoft.EntityFrameworkCore.ChangeTracking.Internal.StateManager.SaveChangesAsync(IList`1 entriesToSave, CancellationToken cancellationToken)
   at Microsoft.EntityFrameworkCore.ChangeTracking.Internal.StateManager.SaveChangesAsync(StateManager stateManager, Boolean acceptAllChangesOnSuccess, CancellationToken cancellationToken)
   at Microsoft.EntityFrameworkCore.SqlServer.Storage.Internal.SqlServerExecutionStrategy.ExecuteAsync[TState,TResult](TState state, Func`4 operation, Func`4 verifySucceeded, CancellationToken cancellationToken)
   at Microsoft.EntityFrameworkCore.DbContext.SaveChangesAsync(Boolean acceptAllChangesOnSuccess, CancellationToken cancellationToken)
Microsoft.EntityFrameworkCore.DbUpdateException: An error occurred while saving the entity changes. See the inner exception for details.
 ---> Microsoft.Data.SqlClient.SqlException (0x80131904): The INSERT statement conflicted with the FOREIGN KEY constraint "FK_LoyaltyAccounts_Users_UserId". The conflict occurred in database "SmartRestaurant", table "dbo.Users", column 'Id'.
The statement has been terminated.
   at Microsoft.Data.SqlClient.SqlCommand.<>c.<ExecuteDbDataReaderAsync>b__209_0(Task`1 result)
   at System.Threading.Tasks.ContinuationResultTaskFromResultTask`2.InnerInvoke()
   at System.Threading.ExecutionContext.RunInternal(ExecutionContext executionContext, ContextCallback callback, Object state)
--- End of stack trace from previous location ---
   at System.Threading.ExecutionContext.RunInternal(ExecutionContext executionContext, ContextCallback callback, Object state)
   at System.Threading.Tasks.Task.ExecuteWithThreadLocal(Task& currentTaskSlot, Thread threadPoolThread)
--- End of stack trace from previous location ---
   at Microsoft.EntityFrameworkCore.Storage.RelationalCommand.ExecuteReaderAsync(RelationalCommandParameterObject parameterObject, CancellationToken cancellationToken)
   at Microsoft.EntityFrameworkCore.Storage.RelationalCommand.ExecuteReaderAsync(RelationalCommandParameterObject parameterObject, CancellationToken cancellationToken)
   at Microsoft.EntityFrameworkCore.Update.ReaderModificationCommandBatch.ExecuteAsync(IRelationalConnection connection, CancellationToken cancellationToken)
ClientConnectionId:4b68d693-cc2e-48a3-a4ea-e83f53c6fd91
Error Number:547,State:0,Class:16
   --- End of inner exception stack trace ---
   at Microsoft.EntityFrameworkCore.Update.ReaderModificationCommandBatch.ExecuteAsync(IRelationalConnection connection, CancellationToken cancellationToken)
   at Microsoft.EntityFrameworkCore.SqlServer.Update.Internal.SqlServerModificationCommandBatch.ExecuteAsync(IRelationalConnection connection, CancellationToken cancellationToken)
   at Microsoft.EntityFrameworkCore.Update.Internal.BatchExecutor.ExecuteAsync(IEnumerable`1 commandBatches, IRelationalConnection connection, CancellationToken cancellationToken)
   at Microsoft.EntityFrameworkCore.Update.Internal.BatchExecutor.ExecuteAsync(IEnumerable`1 commandBatches, IRelationalConnection connection, CancellationToken cancellationToken)
   at Microsoft.EntityFrameworkCore.Update.Internal.BatchExecutor.ExecuteAsync(IEnumerable`1 commandBatches, IRelationalConnection connection, CancellationToken cancellationToken)
   at Microsoft.EntityFrameworkCore.ChangeTracking.Internal.StateManager.SaveChangesAsync(IList`1 entriesToSave, CancellationToken cancellationToken)
   at Microsoft.EntityFrameworkCore.ChangeTracking.Internal.StateManager.SaveChangesAsync(StateManager stateManager, Boolean acceptAllChangesOnSuccess, CancellationToken cancellationToken)
   at Microsoft.EntityFrameworkCore.SqlServer.Storage.Internal.SqlServerExecutionStrategy.ExecuteAsync[TState,TResult](TState state, Func`4 operation, Func`4 verifySucceeded, CancellationToken cancellationToken)
   at Microsoft.EntityFrameworkCore.DbContext.SaveChangesAsync(Boolean acceptAllChangesOnSuccess, CancellationToken cancellationToken)
2025-12-24 18:25:41.407 +02:00 [WRN] No store type was specified for the decimal property 'Quantity' on entity type 'Ingredient'. This will cause values to be silently truncated if they do not fit in the default precision and scale. Explicitly specify the SQL server column type that can accommodate all the values in 'OnModelCreating' using 'HasColumnType', specify precision and scale using 'HasPrecision', or configure a value converter using 'HasConversion'.
2025-12-24 18:25:41.491 +02:00 [WRN] No store type was specified for the decimal property 'MinimumThreshold' on entity type 'InventoryItem'. This will cause values to be silently truncated if they do not fit in the default precision and scale. Explicitly specify the SQL server column type that can accommodate all the values in 'OnModelCreating' using 'HasColumnType', specify precision and scale using 'HasPrecision', or configure a value converter using 'HasConversion'.
2025-12-24 18:25:41.495 +02:00 [WRN] No store type was specified for the decimal property 'Quantity' on entity type 'InventoryItem'. This will cause values to be silently truncated if they do not fit in the default precision and scale. Explicitly specify the SQL server column type that can accommodate all the values in 'OnModelCreating' using 'HasColumnType', specify precision and scale using 'HasPrecision', or configure a value converter using 'HasConversion'.
2025-12-24 18:25:41.496 +02:00 [WRN] No store type was specified for the decimal property 'Price' on entity type 'MenuItem'. This will cause values to be silently truncated if they do not fit in the default precision and scale. Explicitly specify the SQL server column type that can accommodate all the values in 'OnModelCreating' using 'HasColumnType', specify precision and scale using 'HasPrecision', or configure a value converter using 'HasConversion'.
2025-12-24 18:25:41.501 +02:00 [WRN] No store type was specified for the decimal property 'TotalPrice' on entity type 'Order'. This will cause values to be silently truncated if they do not fit in the default precision and scale. Explicitly specify the SQL server column type that can accommodate all the values in 'OnModelCreating' using 'HasColumnType', specify precision and scale using 'HasPrecision', or configure a value converter using 'HasConversion'.
2025-12-24 18:25:41.503 +02:00 [WRN] No store type was specified for the decimal property 'UnitPrice' on entity type 'OrderItem'. This will cause values to be silently truncated if they do not fit in the default precision and scale. Explicitly specify the SQL server column type that can accommodate all the values in 'OnModelCreating' using 'HasColumnType', specify precision and scale using 'HasPrecision', or configure a value converter using 'HasConversion'.
2025-12-24 18:25:42.738 +02:00 [INF] Executed DbCommand (37ms) [Parameters=[], CommandType='"Text"', CommandTimeout='30']
SELECT CASE
    WHEN EXISTS (
        SELECT 1
        FROM [Reservations] AS [r]) THEN CAST(1 AS bit)
    ELSE CAST(0 AS bit)
END
2025-12-24 18:25:42.811 +02:00 [INF] Executed DbCommand (7ms) [Parameters=[], CommandType='"Text"', CommandTimeout='30']
SELECT CASE
    WHEN EXISTS (
        SELECT 1
        FROM [Users] AS [u]) THEN CAST(1 AS bit)
    ELSE CAST(0 AS bit)
END
2025-12-24 18:25:42.825 +02:00 [INF] Executed DbCommand (4ms) [Parameters=[], CommandType='"Text"', CommandTimeout='30']
SELECT CASE
    WHEN EXISTS (
        SELECT 1
        FROM [MenuItems] AS [m]) THEN CAST(1 AS bit)
    ELSE CAST(0 AS bit)
END
2025-12-24 18:25:42.839 +02:00 [INF] Executed DbCommand (4ms) [Parameters=[], CommandType='"Text"', CommandTimeout='30']
SELECT CASE
    WHEN EXISTS (
        SELECT 1
        FROM [Ingredients] AS [i]) THEN CAST(1 AS bit)
    ELSE CAST(0 AS bit)
END
2025-12-24 18:25:42.853 +02:00 [INF] Executed DbCommand (2ms) [Parameters=[], CommandType='"Text"', CommandTimeout='30']
SELECT CASE
    WHEN EXISTS (
        SELECT 1
        FROM [InventoryItems] AS [i]) THEN CAST(1 AS bit)
    ELSE CAST(0 AS bit)
END
2025-12-24 18:25:42.864 +02:00 [INF] Executed DbCommand (3ms) [Parameters=[], CommandType='"Text"', CommandTimeout='30']
SELECT CASE
    WHEN EXISTS (
        SELECT 1
        FROM [LoyaltyAccounts] AS [l]) THEN CAST(1 AS bit)
    ELSE CAST(0 AS bit)
END
2025-12-24 18:25:43.527 +02:00 [ERR] Failed executing DbCommand (108ms) [Parameters=[@p0='?' (DbType = Guid), @p1='?' (DbType = Int32), @p2='?' (DbType = Int32), @p3='?' (DbType = Guid)], CommandType='"Text"', CommandTimeout='30']
SET IMPLICIT_TRANSACTIONS OFF;
SET NOCOUNT ON;
INSERT INTO [LoyaltyAccounts] ([Id], [Points], [Tier], [UserId])
VALUES (@p0, @p1, @p2, @p3);
2025-12-24 18:25:43.594 +02:00 [ERR] An exception occurred in the database while saving changes for context type 'SmartRestaurant.Infrastructure.Context.AppDbContext'.
Microsoft.EntityFrameworkCore.DbUpdateException: An error occurred while saving the entity changes. See the inner exception for details.
 ---> Microsoft.Data.SqlClient.SqlException (0x80131904): The INSERT statement conflicted with the FOREIGN KEY constraint "FK_LoyaltyAccounts_Users_UserId". The conflict occurred in database "SmartRestaurant", table "dbo.Users", column 'Id'.
The statement has been terminated.
   at Microsoft.Data.SqlClient.SqlCommand.<>c.<ExecuteDbDataReaderAsync>b__209_0(Task`1 result)
   at System.Threading.Tasks.ContinuationResultTaskFromResultTask`2.InnerInvoke()
   at System.Threading.ExecutionContext.RunInternal(ExecutionContext executionContext, ContextCallback callback, Object state)
--- End of stack trace from previous location ---
   at System.Threading.ExecutionContext.RunInternal(ExecutionContext executionContext, ContextCallback callback, Object state)
   at System.Threading.Tasks.Task.ExecuteWithThreadLocal(Task& currentTaskSlot, Thread threadPoolThread)
--- End of stack trace from previous location ---
   at Microsoft.EntityFrameworkCore.Storage.RelationalCommand.ExecuteReaderAsync(RelationalCommandParameterObject parameterObject, CancellationToken cancellationToken)
   at Microsoft.EntityFrameworkCore.Storage.RelationalCommand.ExecuteReaderAsync(RelationalCommandParameterObject parameterObject, CancellationToken cancellationToken)
   at Microsoft.EntityFrameworkCore.Update.ReaderModificationCommandBatch.ExecuteAsync(IRelationalConnection connection, CancellationToken cancellationToken)
ClientConnectionId:a0372040-e63e-49a6-b70a-f8287de8d47f
Error Number:547,State:0,Class:16
   --- End of inner exception stack trace ---
   at Microsoft.EntityFrameworkCore.Update.ReaderModificationCommandBatch.ExecuteAsync(IRelationalConnection connection, CancellationToken cancellationToken)
   at Microsoft.EntityFrameworkCore.SqlServer.Update.Internal.SqlServerModificationCommandBatch.ExecuteAsync(IRelationalConnection connection, CancellationToken cancellationToken)
   at Microsoft.EntityFrameworkCore.Update.Internal.BatchExecutor.ExecuteAsync(IEnumerable`1 commandBatches, IRelationalConnection connection, CancellationToken cancellationToken)
   at Microsoft.EntityFrameworkCore.Update.Internal.BatchExecutor.ExecuteAsync(IEnumerable`1 commandBatches, IRelationalConnection connection, CancellationToken cancellationToken)
   at Microsoft.EntityFrameworkCore.Update.Internal.BatchExecutor.ExecuteAsync(IEnumerable`1 commandBatches, IRelationalConnection connection, CancellationToken cancellationToken)
   at Microsoft.EntityFrameworkCore.ChangeTracking.Internal.StateManager.SaveChangesAsync(IList`1 entriesToSave, CancellationToken cancellationToken)
   at Microsoft.EntityFrameworkCore.ChangeTracking.Internal.StateManager.SaveChangesAsync(StateManager stateManager, Boolean acceptAllChangesOnSuccess, CancellationToken cancellationToken)
   at Microsoft.EntityFrameworkCore.SqlServer.Storage.Internal.SqlServerExecutionStrategy.ExecuteAsync[TState,TResult](TState state, Func`4 operation, Func`4 verifySucceeded, CancellationToken cancellationToken)
   at Microsoft.EntityFrameworkCore.DbContext.SaveChangesAsync(Boolean acceptAllChangesOnSuccess, CancellationToken cancellationToken)
Microsoft.EntityFrameworkCore.DbUpdateException: An error occurred while saving the entity changes. See the inner exception for details.
 ---> Microsoft.Data.SqlClient.SqlException (0x80131904): The INSERT statement conflicted with the FOREIGN KEY constraint "FK_LoyaltyAccounts_Users_UserId". The conflict occurred in database "SmartRestaurant", table "dbo.Users", column 'Id'.
The statement has been terminated.
   at Microsoft.Data.SqlClient.SqlCommand.<>c.<ExecuteDbDataReaderAsync>b__209_0(Task`1 result)
   at System.Threading.Tasks.ContinuationResultTaskFromResultTask`2.InnerInvoke()
   at System.Threading.ExecutionContext.RunInternal(ExecutionContext executionContext, ContextCallback callback, Object state)
--- End of stack trace from previous location ---
   at System.Threading.ExecutionContext.RunInternal(ExecutionContext executionContext, ContextCallback callback, Object state)
   at System.Threading.Tasks.Task.ExecuteWithThreadLocal(Task& currentTaskSlot, Thread threadPoolThread)
--- End of stack trace from previous location ---
   at Microsoft.EntityFrameworkCore.Storage.RelationalCommand.ExecuteReaderAsync(RelationalCommandParameterObject parameterObject, CancellationToken cancellationToken)
   at Microsoft.EntityFrameworkCore.Storage.RelationalCommand.ExecuteReaderAsync(RelationalCommandParameterObject parameterObject, CancellationToken cancellationToken)
   at Microsoft.EntityFrameworkCore.Update.ReaderModificationCommandBatch.ExecuteAsync(IRelationalConnection connection, CancellationToken cancellationToken)
ClientConnectionId:a0372040-e63e-49a6-b70a-f8287de8d47f
Error Number:547,State:0,Class:16
   --- End of inner exception stack trace ---
   at Microsoft.EntityFrameworkCore.Update.ReaderModificationCommandBatch.ExecuteAsync(IRelationalConnection connection, CancellationToken cancellationToken)
   at Microsoft.EntityFrameworkCore.SqlServer.Update.Internal.SqlServerModificationCommandBatch.ExecuteAsync(IRelationalConnection connection, CancellationToken cancellationToken)
   at Microsoft.EntityFrameworkCore.Update.Internal.BatchExecutor.ExecuteAsync(IEnumerable`1 commandBatches, IRelationalConnection connection, CancellationToken cancellationToken)
   at Microsoft.EntityFrameworkCore.Update.Internal.BatchExecutor.ExecuteAsync(IEnumerable`1 commandBatches, IRelationalConnection connection, CancellationToken cancellationToken)
   at Microsoft.EntityFrameworkCore.Update.Internal.BatchExecutor.ExecuteAsync(IEnumerable`1 commandBatches, IRelationalConnection connection, CancellationToken cancellationToken)
   at Microsoft.EntityFrameworkCore.ChangeTracking.Internal.StateManager.SaveChangesAsync(IList`1 entriesToSave, CancellationToken cancellationToken)
   at Microsoft.EntityFrameworkCore.ChangeTracking.Internal.StateManager.SaveChangesAsync(StateManager stateManager, Boolean acceptAllChangesOnSuccess, CancellationToken cancellationToken)
   at Microsoft.EntityFrameworkCore.SqlServer.Storage.Internal.SqlServerExecutionStrategy.ExecuteAsync[TState,TResult](TState state, Func`4 operation, Func`4 verifySucceeded, CancellationToken cancellationToken)
   at Microsoft.EntityFrameworkCore.DbContext.SaveChangesAsync(Boolean acceptAllChangesOnSuccess, CancellationToken cancellationToken)
2025-12-24 18:27:00.315 +02:00 [WRN] No store type was specified for the decimal property 'Quantity' on entity type 'Ingredient'. This will cause values to be silently truncated if they do not fit in the default precision and scale. Explicitly specify the SQL server column type that can accommodate all the values in 'OnModelCreating' using 'HasColumnType', specify precision and scale using 'HasPrecision', or configure a value converter using 'HasConversion'.
2025-12-24 18:27:00.365 +02:00 [WRN] No store type was specified for the decimal property 'MinimumThreshold' on entity type 'InventoryItem'. This will cause values to be silently truncated if they do not fit in the default precision and scale. Explicitly specify the SQL server column type that can accommodate all the values in 'OnModelCreating' using 'HasColumnType', specify precision and scale using 'HasPrecision', or configure a value converter using 'HasConversion'.
2025-12-24 18:27:00.367 +02:00 [WRN] No store type was specified for the decimal property 'Quantity' on entity type 'InventoryItem'. This will cause values to be silently truncated if they do not fit in the default precision and scale. Explicitly specify the SQL server column type that can accommodate all the values in 'OnModelCreating' using 'HasColumnType', specify precision and scale using 'HasPrecision', or configure a value converter using 'HasConversion'.
2025-12-24 18:27:00.368 +02:00 [WRN] No store type was specified for the decimal property 'Price' on entity type 'MenuItem'. This will cause values to be silently truncated if they do not fit in the default precision and scale. Explicitly specify the SQL server column type that can accommodate all the values in 'OnModelCreating' using 'HasColumnType', specify precision and scale using 'HasPrecision', or configure a value converter using 'HasConversion'.
2025-12-24 18:27:00.370 +02:00 [WRN] No store type was specified for the decimal property 'TotalPrice' on entity type 'Order'. This will cause values to be silently truncated if they do not fit in the default precision and scale. Explicitly specify the SQL server column type that can accommodate all the values in 'OnModelCreating' using 'HasColumnType', specify precision and scale using 'HasPrecision', or configure a value converter using 'HasConversion'.
2025-12-24 18:27:00.371 +02:00 [WRN] No store type was specified for the decimal property 'UnitPrice' on entity type 'OrderItem'. This will cause values to be silently truncated if they do not fit in the default precision and scale. Explicitly specify the SQL server column type that can accommodate all the values in 'OnModelCreating' using 'HasColumnType', specify precision and scale using 'HasPrecision', or configure a value converter using 'HasConversion'.
2025-12-24 18:27:01.661 +02:00 [INF] Executed DbCommand (44ms) [Parameters=[], CommandType='"Text"', CommandTimeout='30']
SELECT CASE
    WHEN EXISTS (
        SELECT 1
        FROM [Reservations] AS [r]) THEN CAST(1 AS bit)
    ELSE CAST(0 AS bit)
END
2025-12-24 18:27:01.727 +02:00 [INF] Executed DbCommand (6ms) [Parameters=[], CommandType='"Text"', CommandTimeout='30']
SELECT CASE
    WHEN EXISTS (
        SELECT 1
        FROM [Users] AS [u]) THEN CAST(1 AS bit)
    ELSE CAST(0 AS bit)
END
2025-12-24 18:27:01.745 +02:00 [INF] Executed DbCommand (3ms) [Parameters=[], CommandType='"Text"', CommandTimeout='30']
SELECT CASE
    WHEN EXISTS (
        SELECT 1
        FROM [MenuItems] AS [m]) THEN CAST(1 AS bit)
    ELSE CAST(0 AS bit)
END
2025-12-24 18:27:01.761 +02:00 [INF] Executed DbCommand (4ms) [Parameters=[], CommandType='"Text"', CommandTimeout='30']
SELECT CASE
    WHEN EXISTS (
        SELECT 1
        FROM [Ingredients] AS [i]) THEN CAST(1 AS bit)
    ELSE CAST(0 AS bit)
END
2025-12-24 18:27:01.775 +02:00 [INF] Executed DbCommand (3ms) [Parameters=[], CommandType='"Text"', CommandTimeout='30']
SELECT CASE
    WHEN EXISTS (
        SELECT 1
        FROM [InventoryItems] AS [i]) THEN CAST(1 AS bit)
    ELSE CAST(0 AS bit)
END
2025-12-24 18:27:01.790 +02:00 [INF] Executed DbCommand (3ms) [Parameters=[], CommandType='"Text"', CommandTimeout='30']
SELECT CASE
    WHEN EXISTS (
        SELECT 1
        FROM [LoyaltyAccounts] AS [l]) THEN CAST(1 AS bit)
    ELSE CAST(0 AS bit)
END
2025-12-24 18:27:02.486 +02:00 [INF] Executed DbCommand (111ms) [Parameters=[@p0='?' (DbType = Guid), @p1='?' (DbType = Int32), @p2='?' (DbType = Int32), @p3='?' (DbType = Guid)], CommandType='"Text"', CommandTimeout='30']
SET IMPLICIT_TRANSACTIONS OFF;
SET NOCOUNT ON;
INSERT INTO [LoyaltyAccounts] ([Id], [Points], [Tier], [UserId])
VALUES (@p0, @p1, @p2, @p3);
2025-12-24 18:27:02.675 +02:00 [INF] No action descriptors found. This may indicate an incorrectly configured application or missing application parts. To learn more, visit https://aka.ms/aspnet/mvc/app-parts
2025-12-24 18:27:03.153 +02:00 [INF] Now listening on: https://localhost:7252
2025-12-24 18:27:03.156 +02:00 [INF] Now listening on: http://localhost:5296
2025-12-24 18:27:03.241 +02:00 [INF] Application started. Press Ctrl+C to shut down.
2025-12-24 18:27:03.244 +02:00 [INF] Hosting environment: Development
2025-12-24 18:27:03.249 +02:00 [INF] Content root path: C:\Users\User\source\repos\SmartRestaurant\SmartRestaurant.API
2025-12-24 18:27:04.066 +02:00 [INF] Request starting HTTP/2 GET https://localhost:7252/_vs/browserLink - null null
2025-12-24 18:27:04.066 +02:00 [INF] Request starting HTTP/2 GET https://localhost:7252/_framework/aspnetcore-browser-refresh.js - null null
2025-12-24 18:27:04.132 +02:00 [INF] Request finished HTTP/2 GET https://localhost:7252/_framework/aspnetcore-browser-refresh.js - 200 16523 application/javascript; charset=utf-8 96.0526ms
2025-12-24 18:27:04.200 +02:00 [INF] Request finished HTTP/2 GET https://localhost:7252/_vs/browserLink - 200 null text/javascript; charset=UTF-8 166.4512ms
2025-12-24 18:27:04.236 +02:00 [INF] Request starting HTTP/2 GET https://localhost:7252/swagger/v1/swagger.json - null null
2025-12-24 18:27:04.278 +02:00 [INF] Request finished HTTP/2 GET https://localhost:7252/swagger/v1/swagger.json - 200 null application/json;charset=utf-8 42.2164ms
2025-12-24 20:32:15.920 +02:00 [WRN] No store type was specified for the decimal property 'Quantity' on entity type 'Ingredient'. This will cause values to be silently truncated if they do not fit in the default precision and scale. Explicitly specify the SQL server column type that can accommodate all the values in 'OnModelCreating' using 'HasColumnType', specify precision and scale using 'HasPrecision', or configure a value converter using 'HasConversion'.
2025-12-24 20:32:15.972 +02:00 [WRN] No store type was specified for the decimal property 'MinimumThreshold' on entity type 'InventoryItem'. This will cause values to be silently truncated if they do not fit in the default precision and scale. Explicitly specify the SQL server column type that can accommodate all the values in 'OnModelCreating' using 'HasColumnType', specify precision and scale using 'HasPrecision', or configure a value converter using 'HasConversion'.
2025-12-24 20:32:15.975 +02:00 [WRN] No store type was specified for the decimal property 'Quantity' on entity type 'InventoryItem'. This will cause values to be silently truncated if they do not fit in the default precision and scale. Explicitly specify the SQL server column type that can accommodate all the values in 'OnModelCreating' using 'HasColumnType', specify precision and scale using 'HasPrecision', or configure a value converter using 'HasConversion'.
2025-12-24 20:32:15.977 +02:00 [WRN] No store type was specified for the decimal property 'Price' on entity type 'MenuItem'. This will cause values to be silently truncated if they do not fit in the default precision and scale. Explicitly specify the SQL server column type that can accommodate all the values in 'OnModelCreating' using 'HasColumnType', specify precision and scale using 'HasPrecision', or configure a value converter using 'HasConversion'.
2025-12-24 20:32:15.977 +02:00 [WRN] No store type was specified for the decimal property 'TotalPrice' on entity type 'Order'. This will cause values to be silently truncated if they do not fit in the default precision and scale. Explicitly specify the SQL server column type that can accommodate all the values in 'OnModelCreating' using 'HasColumnType', specify precision and scale using 'HasPrecision', or configure a value converter using 'HasConversion'.
2025-12-24 20:32:15.978 +02:00 [WRN] No store type was specified for the decimal property 'UnitPrice' on entity type 'OrderItem'. This will cause values to be silently truncated if they do not fit in the default precision and scale. Explicitly specify the SQL server column type that can accommodate all the values in 'OnModelCreating' using 'HasColumnType', specify precision and scale using 'HasPrecision', or configure a value converter using 'HasConversion'.
2025-12-24 20:32:16.791 +02:00 [INF] Executed DbCommand (34ms) [Parameters=[], CommandType='"Text"', CommandTimeout='30']
SELECT CASE
    WHEN EXISTS (
        SELECT 1
        FROM [Reservations] AS [r]) THEN CAST(1 AS bit)
    ELSE CAST(0 AS bit)
END
2025-12-24 20:32:16.826 +02:00 [INF] Executed DbCommand (7ms) [Parameters=[], CommandType='"Text"', CommandTimeout='30']
SELECT CASE
    WHEN EXISTS (
        SELECT 1
        FROM [Users] AS [u]) THEN CAST(1 AS bit)
    ELSE CAST(0 AS bit)
END
2025-12-24 20:32:16.834 +02:00 [INF] Executed DbCommand (3ms) [Parameters=[], CommandType='"Text"', CommandTimeout='30']
SELECT CASE
    WHEN EXISTS (
        SELECT 1
        FROM [MenuItems] AS [m]) THEN CAST(1 AS bit)
    ELSE CAST(0 AS bit)
END
2025-12-24 20:32:17.300 +02:00 [INF] Executed DbCommand (77ms) [Parameters=[@p0='?' (DbType = Guid), @p1='?' (Size = 4000), @p2='?' (DbType = Boolean), @p3='?' (Size = 4000), @p4='?' (Precision = 18) (Scale = 2) (DbType = Decimal), @p5='?' (DbType = Guid), @p6='?' (Size = 4000), @p7='?' (DbType = Boolean), @p8='?' (Size = 4000), @p9='?' (Precision = 18) (Scale = 2) (DbType = Decimal), @p10='?' (DbType = Guid), @p11='?' (Size = 4000), @p12='?' (DbType = Boolean), @p13='?' (Size = 4000), @p14='?' (Precision = 18) (Scale = 2) (DbType = Decimal), @p15='?' (DbType = Guid), @p16='?' (Size = 4000), @p17='?' (DbType = Boolean), @p18='?' (Size = 4000), @p19='?' (Precision = 18) (Scale = 2) (DbType = Decimal), @p20='?' (DbType = Guid), @p21='?' (Size = 4000), @p22='?' (DbType = Boolean), @p23='?' (Size = 4000), @p24='?' (Precision = 18) (Scale = 2) (DbType = Decimal), @p25='?' (DbType = Guid), @p26='?' (Size = 4000), @p27='?' (DbType = Boolean), @p28='?' (Size = 4000), @p29='?' (Precision = 18) (Scale = 2) (DbType = Decimal), @p30='?' (DbType = Guid), @p31='?' (Size = 4000), @p32='?' (DbType = Boolean), @p33='?' (Size = 4000), @p34='?' (Precision = 18) (Scale = 2) (DbType = Decimal), @p35='?' (DbType = Guid), @p36='?' (Size = 4000), @p37='?' (DbType = Boolean), @p38='?' (Size = 4000), @p39='?' (Precision = 18) (Scale = 2) (DbType = Decimal), @p40='?' (DbType = Guid), @p41='?' (Size = 4000), @p42='?' (DbType = Boolean), @p43='?' (Size = 4000), @p44='?' (Precision = 18) (Scale = 2) (DbType = Decimal), @p45='?' (DbType = Guid), @p46='?' (DbType = Guid), @p47='?' (Size = 4000), @p48='?' (Precision = 18) (Scale = 2) (DbType = Decimal), @p49='?' (Size = 4000), @p50='?' (DbType = Guid), @p51='?' (DbType = Guid), @p52='?' (Size = 4000), @p53='?' (Precision = 18) (Scale = 2) (DbType = Decimal), @p54='?' (Size = 4000), @p55='?' (DbType = Guid), @p56='?' (DbType = Guid), @p57='?' (Size = 4000), @p58='?' (Precision = 18) (Scale = 2) (DbType = Decimal), @p59='?' (Size = 4000), @p60='?' (DbType = Guid), @p61='?' (DbType = Guid), @p62='?' (Size = 4000), @p63='?' (Precision = 18) (Scale = 2) (DbType = Decimal), @p64='?' (Size = 4000), @p65='?' (DbType = Guid), @p66='?' (DbType = Guid), @p67='?' (Size = 4000), @p68='?' (Precision = 18) (Scale = 2) (DbType = Decimal), @p69='?' (Size = 4000), @p70='?' (DbType = Guid), @p71='?' (DbType = Guid), @p72='?' (Size = 4000), @p73='?' (Precision = 18) (Scale = 2) (DbType = Decimal), @p74='?' (Size = 4000), @p75='?' (DbType = Guid), @p76='?' (DbType = Guid), @p77='?' (Size = 4000), @p78='?' (Precision = 18) (Scale = 2) (DbType = Decimal), @p79='?' (Size = 4000), @p80='?' (DbType = Guid), @p81='?' (DbType = Guid), @p82='?' (Size = 4000), @p83='?' (Precision = 18) (Scale = 2) (DbType = Decimal), @p84='?' (Size = 4000), @p85='?' (DbType = Guid), @p86='?' (DbType = Guid), @p87='?' (Size = 4000), @p88='?' (Precision = 18) (Scale = 2) (DbType = Decimal), @p89='?' (Size = 4000), @p90='?' (DbType = Guid), @p91='?' (DbType = Guid), @p92='?' (Size = 4000), @p93='?' (Precision = 18) (Scale = 2) (DbType = Decimal), @p94='?' (Size = 4000), @p95='?' (DbType = Guid), @p96='?' (DbType = Guid), @p97='?' (Size = 4000), @p98='?' (Precision = 18) (Scale = 2) (DbType = Decimal), @p99='?' (Size = 4000), @p100='?' (DbType = Guid), @p101='?' (DbType = Guid), @p102='?' (Size = 4000), @p103='?' (Precision = 18) (Scale = 2) (DbType = Decimal), @p104='?' (Size = 4000), @p105='?' (DbType = Guid), @p106='?' (DbType = Guid), @p107='?' (Size = 4000), @p108='?' (Precision = 18) (Scale = 2) (DbType = Decimal), @p109='?' (Size = 4000), @p110='?' (DbType = Guid), @p111='?' (DbType = Guid), @p112='?' (Size = 4000), @p113='?' (Precision = 18) (Scale = 2) (DbType = Decimal), @p114='?' (Size = 4000), @p115='?' (DbType = Guid), @p116='?' (DbType = Guid), @p117='?' (Size = 4000), @p118='?' (Precision = 18) (Scale = 2) (DbType = Decimal), @p119='?' (Size = 4000), @p120='?' (DbType = Guid), @p121='?' (DbType = Guid), @p122='?' (Size = 4000), @p123='?' (Precision = 18) (Scale = 2) (DbType = Decimal), @p124='?' (Size = 4000), @p125='?' (DbType = Guid), @p126='?' (DbType = Guid), @p127='?' (Size = 4000), @p128='?' (Precision = 18) (Scale = 2) (DbType = Decimal), @p129='?' (Size = 4000), @p130='?' (DbType = Guid), @p131='?' (DbType = Guid), @p132='?' (Size = 4000), @p133='?' (Precision = 18) (Scale = 2) (DbType = Decimal), @p134='?' (Size = 4000), @p135='?' (DbType = Guid), @p136='?' (DbType = Guid), @p137='?' (Size = 4000), @p138='?' (Precision = 18) (Scale = 2) (DbType = Decimal), @p139='?' (Size = 4000), @p140='?' (DbType = Guid), @p141='?' (DbType = Guid), @p142='?' (Size = 4000), @p143='?' (Precision = 18) (Scale = 2) (DbType = Decimal), @p144='?' (Size = 4000), @p145='?' (DbType = Guid), @p146='?' (DbType = Guid), @p147='?' (Size = 4000), @p148='?' (Precision = 18) (Scale = 2) (DbType = Decimal), @p149='?' (Size = 4000), @p150='?' (DbType = Guid), @p151='?' (DbType = Guid), @p152='?' (Size = 4000), @p153='?' (Precision = 18) (Scale = 2) (DbType = Decimal), @p154='?' (Size = 4000), @p155='?' (DbType = Guid), @p156='?' (DbType = Guid), @p157='?' (Size = 4000), @p158='?' (Precision = 18) (Scale = 2) (DbType = Decimal), @p159='?' (Size = 4000), @p160='?' (DbType = Guid), @p161='?' (DbType = Guid), @p162='?' (Size = 4000), @p163='?' (Precision = 18) (Scale = 2) (DbType = Decimal), @p164='?' (Size = 4000), @p165='?' (DbType = Guid), @p166='?' (DbType = Guid), @p167='?' (Size = 4000), @p168='?' (Precision = 18) (Scale = 2) (DbType = Decimal), @p169='?' (Size = 4000), @p170='?' (DbType = Guid), @p171='?' (DbType = Guid), @p172='?' (Size = 4000), @p173='?' (Precision = 18) (Scale = 2) (DbType = Decimal), @p174='?' (Size = 4000), @p175='?' (DbType = Guid), @p176='?' (DbType = Guid), @p177='?' (Size = 4000), @p178='?' (Precision = 18) (Scale = 2) (DbType = Decimal), @p179='?' (Size = 4000), @p180='?' (DbType = Guid), @p181='?' (DbType = Guid), @p182='?' (Size = 4000), @p183='?' (Precision = 18) (Scale = 2) (DbType = Decimal), @p184='?' (Size = 4000), @p185='?' (DbType = Guid), @p186='?' (DbType = Guid), @p187='?' (Size = 4000), @p188='?' (Precision = 18) (Scale = 2) (DbType = Decimal), @p189='?' (Size = 4000), @p190='?' (DbType = Guid), @p191='?' (DbType = Guid), @p192='?' (Size = 4000), @p193='?' (Precision = 18) (Scale = 2) (DbType = Decimal), @p194='?' (Size = 4000), @p195='?' (DbType = Guid), @p196='?' (DbType = Guid), @p197='?' (Size = 4000), @p198='?' (Precision = 18) (Scale = 2) (DbType = Decimal), @p199='?' (Size = 4000)], CommandType='"Text"', CommandTimeout='30']
SET NOCOUNT ON;
INSERT INTO [MenuItems] ([Id], [Description], [IsAvailable], [Name], [Price])
VALUES (@p0, @p1, @p2, @p3, @p4),
(@p5, @p6, @p7, @p8, @p9),
(@p10, @p11, @p12, @p13, @p14),
(@p15, @p16, @p17, @p18, @p19),
(@p20, @p21, @p22, @p23, @p24),
(@p25, @p26, @p27, @p28, @p29),
(@p30, @p31, @p32, @p33, @p34),
(@p35, @p36, @p37, @p38, @p39),
(@p40, @p41, @p42, @p43, @p44);
INSERT INTO [Ingredients] ([Id], [MenuItemId], [Name], [Quantity], [Unit])
VALUES (@p45, @p46, @p47, @p48, @p49),
(@p50, @p51, @p52, @p53, @p54),
(@p55, @p56, @p57, @p58, @p59),
(@p60, @p61, @p62, @p63, @p64),
(@p65, @p66, @p67, @p68, @p69),
(@p70, @p71, @p72, @p73, @p74),
(@p75, @p76, @p77, @p78, @p79),
(@p80, @p81, @p82, @p83, @p84),
(@p85, @p86, @p87, @p88, @p89),
(@p90, @p91, @p92, @p93, @p94),
(@p95, @p96, @p97, @p98, @p99),
(@p100, @p101, @p102, @p103, @p104),
(@p105, @p106, @p107, @p108, @p109),
(@p110, @p111, @p112, @p113, @p114),
(@p115, @p116, @p117, @p118, @p119),
(@p120, @p121, @p122, @p123, @p124),
(@p125, @p126, @p127, @p128, @p129),
(@p130, @p131, @p132, @p133, @p134),
(@p135, @p136, @p137, @p138, @p139),
(@p140, @p141, @p142, @p143, @p144),
(@p145, @p146, @p147, @p148, @p149),
(@p150, @p151, @p152, @p153, @p154),
(@p155, @p156, @p157, @p158, @p159),
(@p160, @p161, @p162, @p163, @p164),
(@p165, @p166, @p167, @p168, @p169),
(@p170, @p171, @p172, @p173, @p174),
(@p175, @p176, @p177, @p178, @p179),
(@p180, @p181, @p182, @p183, @p184),
(@p185, @p186, @p187, @p188, @p189),
(@p190, @p191, @p192, @p193, @p194),
(@p195, @p196, @p197, @p198, @p199);
2025-12-24 20:32:17.335 +02:00 [INF] Executed DbCommand (3ms) [Parameters=[], CommandType='"Text"', CommandTimeout='30']
SELECT CASE
    WHEN EXISTS (
        SELECT 1
        FROM [Ingredients] AS [i]) THEN CAST(1 AS bit)
    ELSE CAST(0 AS bit)
END
2025-12-24 20:32:17.343 +02:00 [INF] Executed DbCommand (5ms) [Parameters=[], CommandType='"Text"', CommandTimeout='30']
SELECT CASE
    WHEN EXISTS (
        SELECT 1
        FROM [InventoryItems] AS [i]) THEN CAST(1 AS bit)
    ELSE CAST(0 AS bit)
END
2025-12-24 20:32:17.352 +02:00 [INF] Executed DbCommand (5ms) [Parameters=[], CommandType='"Text"', CommandTimeout='30']
SELECT CASE
    WHEN EXISTS (
        SELECT 1
        FROM [LoyaltyAccounts] AS [l]) THEN CAST(1 AS bit)
    ELSE CAST(0 AS bit)
END
2025-12-24 20:32:17.441 +02:00 [INF] No action descriptors found. This may indicate an incorrectly configured application or missing application parts. To learn more, visit https://aka.ms/aspnet/mvc/app-parts
2025-12-24 20:32:17.679 +02:00 [INF] Now listening on: https://localhost:7252
2025-12-24 20:32:17.680 +02:00 [INF] Now listening on: http://localhost:5296
2025-12-24 20:32:17.739 +02:00 [INF] Application started. Press Ctrl+C to shut down.
2025-12-24 20:32:17.744 +02:00 [INF] Hosting environment: Development
2025-12-24 20:32:17.745 +02:00 [INF] Content root path: C:\Users\User\source\repos\SmartRestaurant\SmartRestaurant.API
2025-12-24 20:32:18.297 +02:00 [INF] Request starting HTTP/2 GET https://localhost:7252/swagger - null null
2025-12-24 20:32:18.441 +02:00 [INF] Request finished HTTP/2 GET https://localhost:7252/swagger - 301 null null 151.588ms
2025-12-24 20:32:18.446 +02:00 [INF] Request starting HTTP/2 GET https://localhost:7252/swagger/index.html - null null
2025-12-24 20:32:18.543 +02:00 [INF] Request finished HTTP/2 GET https://localhost:7252/swagger/index.html - 200 null text/html;charset=utf-8 97.0224ms
2025-12-24 20:32:18.559 +02:00 [INF] Request starting HTTP/2 GET https://localhost:7252/swagger/swagger-ui-bundle.js - null null
2025-12-24 20:32:18.559 +02:00 [INF] Request starting HTTP/2 GET https://localhost:7252/swagger/swagger-ui-standalone-preset.js - null null
2025-12-24 20:32:18.560 +02:00 [INF] Request starting HTTP/2 GET https://localhost:7252/_framework/aspnetcore-browser-refresh.js - null null
2025-12-24 20:32:18.559 +02:00 [INF] Request starting HTTP/2 GET https://localhost:7252/swagger/swagger-ui.css - null null
2025-12-24 20:32:18.560 +02:00 [INF] Request starting HTTP/2 GET https://localhost:7252/swagger/index.css - null null
2025-12-24 20:32:18.559 +02:00 [INF] Request starting HTTP/2 GET https://localhost:7252/swagger/index.js - null null
2025-12-24 20:32:18.638 +02:00 [INF] Request finished HTTP/2 GET https://localhost:7252/swagger/index.css - 200 152 text/css 76.8218ms
2025-12-24 20:32:18.656 +02:00 [INF] Request finished HTTP/2 GET https://localhost:7252/_framework/aspnetcore-browser-refresh.js - 200 16523 application/javascript; charset=utf-8 97.0857ms
2025-12-24 20:32:18.655 +02:00 [INF] Request finished HTTP/2 GET https://localhost:7252/swagger/index.js - 200 null application/javascript;charset=utf-8 96.5291ms
2025-12-24 20:32:18.667 +02:00 [INF] Request finished HTTP/2 GET https://localhost:7252/swagger/swagger-ui.css - 200 26248 text/css 108.3114ms
2025-12-24 20:32:18.671 +02:00 [INF] Request finished HTTP/2 GET https://localhost:7252/swagger/swagger-ui-bundle.js - 200 424871 text/javascript 111.9194ms
2025-12-24 20:32:18.667 +02:00 [INF] Request finished HTTP/2 GET https://localhost:7252/swagger/swagger-ui-standalone-preset.js - 200 77848 text/javascript 107.7283ms
2025-12-24 20:32:18.672 +02:00 [INF] Request starting HTTP/2 GET https://localhost:7252/_vs/browserLink - null null
2025-12-24 20:32:18.736 +02:00 [INF] Request finished HTTP/2 GET https://localhost:7252/_vs/browserLink - 200 null text/javascript; charset=UTF-8 64.2882ms
2025-12-24 20:32:18.848 +02:00 [INF] Request starting HTTP/2 GET https://localhost:7252/swagger/v1/swagger.json - null null
2025-12-24 20:32:18.848 +02:00 [INF] Request starting HTTP/2 GET https://localhost:7252/swagger/favicon-32x32.png - null null
2025-12-24 20:32:18.859 +02:00 [INF] Request finished HTTP/2 GET https://localhost:7252/swagger/favicon-32x32.png - 200 628 image/png 11.0894ms
2025-12-24 20:32:18.863 +02:00 [INF] Request finished HTTP/2 GET https://localhost:7252/swagger/v1/swagger.json - 200 null application/json;charset=utf-8 15.0135ms
2025-12-24 20:47:10.521 +02:00 [WRN] No store type was specified for the decimal property 'Quantity' on entity type 'Ingredient'. This will cause values to be silently truncated if they do not fit in the default precision and scale. Explicitly specify the SQL server column type that can accommodate all the values in 'OnModelCreating' using 'HasColumnType', specify precision and scale using 'HasPrecision', or configure a value converter using 'HasConversion'.
2025-12-24 20:47:10.540 +02:00 [WRN] No store type was specified for the decimal property 'MinimumThreshold' on entity type 'InventoryItem'. This will cause values to be silently truncated if they do not fit in the default precision and scale. Explicitly specify the SQL server column type that can accommodate all the values in 'OnModelCreating' using 'HasColumnType', specify precision and scale using 'HasPrecision', or configure a value converter using 'HasConversion'.
2025-12-24 20:47:10.540 +02:00 [WRN] No store type was specified for the decimal property 'Quantity' on entity type 'InventoryItem'. This will cause values to be silently truncated if they do not fit in the default precision and scale. Explicitly specify the SQL server column type that can accommodate all the values in 'OnModelCreating' using 'HasColumnType', specify precision and scale using 'HasPrecision', or configure a value converter using 'HasConversion'.
2025-12-24 20:47:10.540 +02:00 [WRN] No store type was specified for the decimal property 'Price' on entity type 'MenuItem'. This will cause values to be silently truncated if they do not fit in the default precision and scale. Explicitly specify the SQL server column type that can accommodate all the values in 'OnModelCreating' using 'HasColumnType', specify precision and scale using 'HasPrecision', or configure a value converter using 'HasConversion'.
2025-12-24 20:47:10.540 +02:00 [WRN] No store type was specified for the decimal property 'TotalPrice' on entity type 'Order'. This will cause values to be silently truncated if they do not fit in the default precision and scale. Explicitly specify the SQL server column type that can accommodate all the values in 'OnModelCreating' using 'HasColumnType', specify precision and scale using 'HasPrecision', or configure a value converter using 'HasConversion'.
2025-12-24 20:47:10.540 +02:00 [WRN] No store type was specified for the decimal property 'UnitPrice' on entity type 'OrderItem'. This will cause values to be silently truncated if they do not fit in the default precision and scale. Explicitly specify the SQL server column type that can accommodate all the values in 'OnModelCreating' using 'HasColumnType', specify precision and scale using 'HasPrecision', or configure a value converter using 'HasConversion'.
2025-12-24 20:47:10.626 +02:00 [WRN] No store type was specified for the decimal property 'Quantity' on entity type 'Ingredient'. This will cause values to be silently truncated if they do not fit in the default precision and scale. Explicitly specify the SQL server column type that can accommodate all the values in 'OnModelCreating' using 'HasColumnType', specify precision and scale using 'HasPrecision', or configure a value converter using 'HasConversion'.
2025-12-24 20:47:10.627 +02:00 [WRN] No store type was specified for the decimal property 'MinimumThreshold' on entity type 'InventoryItem'. This will cause values to be silently truncated if they do not fit in the default precision and scale. Explicitly specify the SQL server column type that can accommodate all the values in 'OnModelCreating' using 'HasColumnType', specify precision and scale using 'HasPrecision', or configure a value converter using 'HasConversion'.
2025-12-24 20:47:10.627 +02:00 [WRN] No store type was specified for the decimal property 'Quantity' on entity type 'InventoryItem'. This will cause values to be silently truncated if they do not fit in the default precision and scale. Explicitly specify the SQL server column type that can accommodate all the values in 'OnModelCreating' using 'HasColumnType', specify precision and scale using 'HasPrecision', or configure a value converter using 'HasConversion'.
2025-12-24 20:47:10.627 +02:00 [WRN] No store type was specified for the decimal property 'Price' on entity type 'MenuItem'. This will cause values to be silently truncated if they do not fit in the default precision and scale. Explicitly specify the SQL server column type that can accommodate all the values in 'OnModelCreating' using 'HasColumnType', specify precision and scale using 'HasPrecision', or configure a value converter using 'HasConversion'.
2025-12-24 20:47:10.627 +02:00 [WRN] No store type was specified for the decimal property 'TotalPrice' on entity type 'Order'. This will cause values to be silently truncated if they do not fit in the default precision and scale. Explicitly specify the SQL server column type that can accommodate all the values in 'OnModelCreating' using 'HasColumnType', specify precision and scale using 'HasPrecision', or configure a value converter using 'HasConversion'.
2025-12-24 20:47:10.627 +02:00 [WRN] No store type was specified for the decimal property 'UnitPrice' on entity type 'OrderItem'. This will cause values to be silently truncated if they do not fit in the default precision and scale. Explicitly specify the SQL server column type that can accommodate all the values in 'OnModelCreating' using 'HasColumnType', specify precision and scale using 'HasPrecision', or configure a value converter using 'HasConversion'.
2025-12-24 20:47:17.649 +02:00 [WRN] No store type was specified for the decimal property 'Quantity' on entity type 'Ingredient'. This will cause values to be silently truncated if they do not fit in the default precision and scale. Explicitly specify the SQL server column type that can accommodate all the values in 'OnModelCreating' using 'HasColumnType', specify precision and scale using 'HasPrecision', or configure a value converter using 'HasConversion'.
2025-12-24 20:47:17.670 +02:00 [WRN] No store type was specified for the decimal property 'MinimumThreshold' on entity type 'InventoryItem'. This will cause values to be silently truncated if they do not fit in the default precision and scale. Explicitly specify the SQL server column type that can accommodate all the values in 'OnModelCreating' using 'HasColumnType', specify precision and scale using 'HasPrecision', or configure a value converter using 'HasConversion'.
2025-12-24 20:47:17.670 +02:00 [WRN] No store type was specified for the decimal property 'Quantity' on entity type 'InventoryItem'. This will cause values to be silently truncated if they do not fit in the default precision and scale. Explicitly specify the SQL server column type that can accommodate all the values in 'OnModelCreating' using 'HasColumnType', specify precision and scale using 'HasPrecision', or configure a value converter using 'HasConversion'.
2025-12-24 20:47:17.670 +02:00 [WRN] No store type was specified for the decimal property 'Price' on entity type 'MenuItem'. This will cause values to be silently truncated if they do not fit in the default precision and scale. Explicitly specify the SQL server column type that can accommodate all the values in 'OnModelCreating' using 'HasColumnType', specify precision and scale using 'HasPrecision', or configure a value converter using 'HasConversion'.
2025-12-24 20:47:17.670 +02:00 [WRN] No store type was specified for the decimal property 'TotalPrice' on entity type 'Order'. This will cause values to be silently truncated if they do not fit in the default precision and scale. Explicitly specify the SQL server column type that can accommodate all the values in 'OnModelCreating' using 'HasColumnType', specify precision and scale using 'HasPrecision', or configure a value converter using 'HasConversion'.
2025-12-24 20:47:17.670 +02:00 [WRN] No store type was specified for the decimal property 'UnitPrice' on entity type 'OrderItem'. This will cause values to be silently truncated if they do not fit in the default precision and scale. Explicitly specify the SQL server column type that can accommodate all the values in 'OnModelCreating' using 'HasColumnType', specify precision and scale using 'HasPrecision', or configure a value converter using 'HasConversion'.
2025-12-24 20:47:17.855 +02:00 [INF] Executed DbCommand (9ms) [Parameters=[], CommandType='"Text"', CommandTimeout='30']
SELECT 1
2025-12-24 20:47:17.870 +02:00 [INF] Executed DbCommand (8ms) [Parameters=[], CommandType='"Text"', CommandTimeout='30']
SELECT OBJECT_ID(N'[__EFMigrationsHistory]');
2025-12-24 20:47:17.872 +02:00 [INF] Executed DbCommand (1ms) [Parameters=[], CommandType='"Text"', CommandTimeout='30']
SELECT 1
2025-12-24 20:47:17.873 +02:00 [INF] Executed DbCommand (1ms) [Parameters=[], CommandType='"Text"', CommandTimeout='30']
SELECT OBJECT_ID(N'[__EFMigrationsHistory]');
2025-12-24 20:47:17.889 +02:00 [INF] Executed DbCommand (4ms) [Parameters=[], CommandType='"Text"', CommandTimeout='30']
SELECT [MigrationId], [ProductVersion]
FROM [__EFMigrationsHistory]
ORDER BY [MigrationId];
2025-12-24 20:47:17.897 +02:00 [INF] Applying migration '20251224184710_InitialMigration'.
2025-12-24 20:47:17.955 +02:00 [ERR] Failed executing DbCommand (24ms) [Parameters=[], CommandType='"Text"', CommandTimeout='30']
CREATE TABLE [InventoryItems] (
    [Id] uniqueidentifier NOT NULL,
    [Name] nvarchar(max) NULL,
    [Unit] nvarchar(max) NULL,
    [Quantity] decimal(18,2) NOT NULL,
    [MinimumThreshold] decimal(18,2) NOT NULL,
    [LastUpdated] datetime2 NOT NULL,
    CONSTRAINT [PK_InventoryItems] PRIMARY KEY ([Id])
);
2025-12-24 20:47:47.000 +02:00 [WRN] No store type was specified for the decimal property 'Quantity' on entity type 'Ingredient'. This will cause values to be silently truncated if they do not fit in the default precision and scale. Explicitly specify the SQL server column type that can accommodate all the values in 'OnModelCreating' using 'HasColumnType', specify precision and scale using 'HasPrecision', or configure a value converter using 'HasConversion'.
2025-12-24 20:47:47.024 +02:00 [WRN] No store type was specified for the decimal property 'MinimumThreshold' on entity type 'InventoryItem'. This will cause values to be silently truncated if they do not fit in the default precision and scale. Explicitly specify the SQL server column type that can accommodate all the values in 'OnModelCreating' using 'HasColumnType', specify precision and scale using 'HasPrecision', or configure a value converter using 'HasConversion'.
2025-12-24 20:47:47.024 +02:00 [WRN] No store type was specified for the decimal property 'Quantity' on entity type 'InventoryItem'. This will cause values to be silently truncated if they do not fit in the default precision and scale. Explicitly specify the SQL server column type that can accommodate all the values in 'OnModelCreating' using 'HasColumnType', specify precision and scale using 'HasPrecision', or configure a value converter using 'HasConversion'.
2025-12-24 20:47:47.024 +02:00 [WRN] No store type was specified for the decimal property 'Price' on entity type 'MenuItem'. This will cause values to be silently truncated if they do not fit in the default precision and scale. Explicitly specify the SQL server column type that can accommodate all the values in 'OnModelCreating' using 'HasColumnType', specify precision and scale using 'HasPrecision', or configure a value converter using 'HasConversion'.
2025-12-24 20:47:47.024 +02:00 [WRN] No store type was specified for the decimal property 'TotalPrice' on entity type 'Order'. This will cause values to be silently truncated if they do not fit in the default precision and scale. Explicitly specify the SQL server column type that can accommodate all the values in 'OnModelCreating' using 'HasColumnType', specify precision and scale using 'HasPrecision', or configure a value converter using 'HasConversion'.
2025-12-24 20:47:47.024 +02:00 [WRN] No store type was specified for the decimal property 'UnitPrice' on entity type 'OrderItem'. This will cause values to be silently truncated if they do not fit in the default precision and scale. Explicitly specify the SQL server column type that can accommodate all the values in 'OnModelCreating' using 'HasColumnType', specify precision and scale using 'HasPrecision', or configure a value converter using 'HasConversion'.
2025-12-24 20:47:47.209 +02:00 [INF] Executed DbCommand (9ms) [Parameters=[], CommandType='"Text"', CommandTimeout='30']
SELECT 1
2025-12-24 20:47:47.221 +02:00 [INF] Executed DbCommand (6ms) [Parameters=[], CommandType='"Text"', CommandTimeout='30']
SELECT OBJECT_ID(N'[__EFMigrationsHistory]');
2025-12-24 20:47:47.222 +02:00 [INF] Executed DbCommand (1ms) [Parameters=[], CommandType='"Text"', CommandTimeout='30']
SELECT 1
2025-12-24 20:47:47.271 +02:00 [INF] Executed DbCommand (11ms) [Parameters=[], CommandType='"Text"', CommandTimeout='30']
CREATE TABLE [__EFMigrationsHistory] (
    [MigrationId] nvarchar(150) NOT NULL,
    [ProductVersion] nvarchar(32) NOT NULL,
    CONSTRAINT [PK___EFMigrationsHistory] PRIMARY KEY ([MigrationId])
);
2025-12-24 20:47:47.273 +02:00 [INF] Executed DbCommand (1ms) [Parameters=[], CommandType='"Text"', CommandTimeout='30']
SELECT 1
2025-12-24 20:47:47.275 +02:00 [INF] Executed DbCommand (2ms) [Parameters=[], CommandType='"Text"', CommandTimeout='30']
SELECT OBJECT_ID(N'[__EFMigrationsHistory]');
2025-12-24 20:47:47.279 +02:00 [INF] Executed DbCommand (3ms) [Parameters=[], CommandType='"Text"', CommandTimeout='30']
SELECT [MigrationId], [ProductVersion]
FROM [__EFMigrationsHistory]
ORDER BY [MigrationId];
2025-12-24 20:47:47.286 +02:00 [INF] Applying migration '20251224184710_InitialMigration'.
2025-12-24 20:47:47.320 +02:00 [INF] Executed DbCommand (6ms) [Parameters=[], CommandType='"Text"', CommandTimeout='30']
CREATE TABLE [InventoryItems] (
    [Id] uniqueidentifier NOT NULL,
    [Name] nvarchar(max) NULL,
    [Unit] nvarchar(max) NULL,
    [Quantity] decimal(18,2) NOT NULL,
    [MinimumThreshold] decimal(18,2) NOT NULL,
    [LastUpdated] datetime2 NOT NULL,
    CONSTRAINT [PK_InventoryItems] PRIMARY KEY ([Id])
);
2025-12-24 20:47:47.323 +02:00 [INF] Executed DbCommand (3ms) [Parameters=[], CommandType='"Text"', CommandTimeout='30']
CREATE TABLE [MenuItems] (
    [Id] uniqueidentifier NOT NULL,
    [Name] nvarchar(max) NULL,
    [Image] nvarchar(max) NULL,
    [Description] nvarchar(max) NULL,
    [Price] decimal(18,2) NOT NULL,
    [IsAvailable] bit NOT NULL,
    CONSTRAINT [PK_MenuItems] PRIMARY KEY ([Id])
);
2025-12-24 20:47:47.325 +02:00 [INF] Executed DbCommand (2ms) [Parameters=[], CommandType='"Text"', CommandTimeout='30']
CREATE TABLE [Users] (
    [Id] uniqueidentifier NOT NULL,
    [ExternalId] nvarchar(max) NULL,
    [Email] nvarchar(max) NULL,
    [FullName] nvarchar(max) NULL,
    [Role] int NOT NULL,
    CONSTRAINT [PK_Users] PRIMARY KEY ([Id])
);
2025-12-24 20:47:47.329 +02:00 [INF] Executed DbCommand (4ms) [Parameters=[], CommandType='"Text"', CommandTimeout='30']
CREATE TABLE [Ingredients] (
    [Id] uniqueidentifier NOT NULL,
    [Name] nvarchar(max) NULL,
    [Quantity] decimal(18,2) NOT NULL,
    [Unit] nvarchar(max) NULL,
    [MenuItemId] uniqueidentifier NOT NULL,
    CONSTRAINT [PK_Ingredients] PRIMARY KEY ([Id]),
    CONSTRAINT [FK_Ingredients_MenuItems_MenuItemId] FOREIGN KEY ([MenuItemId]) REFERENCES [MenuItems] ([Id]) ON DELETE CASCADE
);
2025-12-24 20:47:47.333 +02:00 [INF] Executed DbCommand (3ms) [Parameters=[], CommandType='"Text"', CommandTimeout='30']
CREATE TABLE [LoyaltyAccounts] (
    [Id] uniqueidentifier NOT NULL,
    [UserId] uniqueidentifier NOT NULL,
    [Points] int NOT NULL,
    [Tier] int NOT NULL,
    CONSTRAINT [PK_LoyaltyAccounts] PRIMARY KEY ([Id]),
    CONSTRAINT [FK_LoyaltyAccounts_Users_UserId] FOREIGN KEY ([UserId]) REFERENCES [Users] ([Id]) ON DELETE CASCADE
);
2025-12-24 20:47:47.336 +02:00 [INF] Executed DbCommand (3ms) [Parameters=[], CommandType='"Text"', CommandTimeout='30']
CREATE TABLE [Orders] (
    [Id] uniqueidentifier NOT NULL,
    [CustomerId] uniqueidentifier NOT NULL,
    [Status] int NOT NULL,
    [TotalPrice] decimal(18,2) NOT NULL,
    [CreatedAt] datetime2 NOT NULL,
    CONSTRAINT [PK_Orders] PRIMARY KEY ([Id]),
    CONSTRAINT [FK_Orders_Users_CustomerId] FOREIGN KEY ([CustomerId]) REFERENCES [Users] ([Id]) ON DELETE CASCADE
);
2025-12-24 20:47:47.338 +02:00 [INF] Executed DbCommand (2ms) [Parameters=[], CommandType='"Text"', CommandTimeout='30']
CREATE TABLE [Reservations] (
    [Id] uniqueidentifier NOT NULL,
    [CustomerId] uniqueidentifier NOT NULL,
    [ReservationTime] datetime2 NOT NULL,
    [Guests] int NOT NULL,
    [Status] int NOT NULL,
    CONSTRAINT [PK_Reservations] PRIMARY KEY ([Id]),
    CONSTRAINT [FK_Reservations_Users_CustomerId] FOREIGN KEY ([CustomerId]) REFERENCES [Users] ([Id]) ON DELETE CASCADE
);
2025-12-24 20:47:47.340 +02:00 [INF] Executed DbCommand (2ms) [Parameters=[], CommandType='"Text"', CommandTimeout='30']
CREATE TABLE [OrderItems] (
    [Id] uniqueidentifier NOT NULL,
    [OrderId] uniqueidentifier NOT NULL,
    [MenuItemId] uniqueidentifier NOT NULL,
    [Quantity] int NOT NULL,
    [UnitPrice] decimal(18,2) NOT NULL,
    CONSTRAINT [PK_OrderItems] PRIMARY KEY ([Id]),
    CONSTRAINT [FK_OrderItems_Orders_OrderId] FOREIGN KEY ([OrderId]) REFERENCES [Orders] ([Id]) ON DELETE CASCADE
);
2025-12-24 20:47:47.387 +02:00 [INF] Executed DbCommand (11ms) [Parameters=[], CommandType='"Text"', CommandTimeout='30']
CREATE INDEX [IX_Ingredients_MenuItemId] ON [Ingredients] ([MenuItemId]);
2025-12-24 20:47:47.388 +02:00 [INF] Executed DbCommand (1ms) [Parameters=[], CommandType='"Text"', CommandTimeout='30']
CREATE UNIQUE INDEX [IX_LoyaltyAccounts_UserId] ON [LoyaltyAccounts] ([UserId]);
2025-12-24 20:47:47.389 +02:00 [INF] Executed DbCommand (1ms) [Parameters=[], CommandType='"Text"', CommandTimeout='30']
CREATE INDEX [IX_OrderItems_OrderId] ON [OrderItems] ([OrderId]);
2025-12-24 20:47:47.391 +02:00 [INF] Executed DbCommand (1ms) [Parameters=[], CommandType='"Text"', CommandTimeout='30']
CREATE INDEX [IX_Orders_CustomerId] ON [Orders] ([CustomerId]);
2025-12-24 20:47:47.392 +02:00 [INF] Executed DbCommand (1ms) [Parameters=[], CommandType='"Text"', CommandTimeout='30']
CREATE INDEX [IX_Reservations_CustomerId] ON [Reservations] ([CustomerId]);
2025-12-24 20:47:47.395 +02:00 [INF] Executed DbCommand (3ms) [Parameters=[], CommandType='"Text"', CommandTimeout='30']
INSERT INTO [__EFMigrationsHistory] ([MigrationId], [ProductVersion])
VALUES (N'20251224184710_InitialMigration', N'8.0.0');
2025-12-24 20:48:03.135 +02:00 [WRN] No store type was specified for the decimal property 'Quantity' on entity type 'Ingredient'. This will cause values to be silently truncated if they do not fit in the default precision and scale. Explicitly specify the SQL server column type that can accommodate all the values in 'OnModelCreating' using 'HasColumnType', specify precision and scale using 'HasPrecision', or configure a value converter using 'HasConversion'.
2025-12-24 20:48:03.187 +02:00 [WRN] No store type was specified for the decimal property 'MinimumThreshold' on entity type 'InventoryItem'. This will cause values to be silently truncated if they do not fit in the default precision and scale. Explicitly specify the SQL server column type that can accommodate all the values in 'OnModelCreating' using 'HasColumnType', specify precision and scale using 'HasPrecision', or configure a value converter using 'HasConversion'.
2025-12-24 20:48:03.188 +02:00 [WRN] No store type was specified for the decimal property 'Quantity' on entity type 'InventoryItem'. This will cause values to be silently truncated if they do not fit in the default precision and scale. Explicitly specify the SQL server column type that can accommodate all the values in 'OnModelCreating' using 'HasColumnType', specify precision and scale using 'HasPrecision', or configure a value converter using 'HasConversion'.
2025-12-24 20:48:03.189 +02:00 [WRN] No store type was specified for the decimal property 'Price' on entity type 'MenuItem'. This will cause values to be silently truncated if they do not fit in the default precision and scale. Explicitly specify the SQL server column type that can accommodate all the values in 'OnModelCreating' using 'HasColumnType', specify precision and scale using 'HasPrecision', or configure a value converter using 'HasConversion'.
2025-12-24 20:48:03.190 +02:00 [WRN] No store type was specified for the decimal property 'TotalPrice' on entity type 'Order'. This will cause values to be silently truncated if they do not fit in the default precision and scale. Explicitly specify the SQL server column type that can accommodate all the values in 'OnModelCreating' using 'HasColumnType', specify precision and scale using 'HasPrecision', or configure a value converter using 'HasConversion'.
2025-12-24 20:48:03.191 +02:00 [WRN] No store type was specified for the decimal property 'UnitPrice' on entity type 'OrderItem'. This will cause values to be silently truncated if they do not fit in the default precision and scale. Explicitly specify the SQL server column type that can accommodate all the values in 'OnModelCreating' using 'HasColumnType', specify precision and scale using 'HasPrecision', or configure a value converter using 'HasConversion'.
2025-12-24 20:48:04.001 +02:00 [INF] Executed DbCommand (26ms) [Parameters=[], CommandType='"Text"', CommandTimeout='30']
SELECT CASE
    WHEN EXISTS (
        SELECT 1
        FROM [Reservations] AS [r]) THEN CAST(1 AS bit)
    ELSE CAST(0 AS bit)
END
2025-12-24 20:48:04.461 +02:00 [ERR] Failed executing DbCommand (66ms) [Parameters=[@p0='?' (DbType = Guid), @p1='?' (DbType = Guid), @p2='?' (DbType = Int32), @p3='?' (DbType = DateTime2), @p4='?' (DbType = Int32)], CommandType='"Text"', CommandTimeout='30']
SET IMPLICIT_TRANSACTIONS OFF;
SET NOCOUNT ON;
INSERT INTO [Reservations] ([Id], [CustomerId], [Guests], [ReservationTime], [Status])
VALUES (@p0, @p1, @p2, @p3, @p4);
2025-12-24 20:48:04.509 +02:00 [ERR] An exception occurred in the database while saving changes for context type 'SmartRestaurant.Infrastructure.Context.AppDbContext'.
Microsoft.EntityFrameworkCore.DbUpdateException: An error occurred while saving the entity changes. See the inner exception for details.
 ---> Microsoft.Data.SqlClient.SqlException (0x80131904): The INSERT statement conflicted with the FOREIGN KEY constraint "FK_Reservations_Users_CustomerId". The conflict occurred in database "SmartRestaurant", table "dbo.Users", column 'Id'.
The statement has been terminated.
   at Microsoft.Data.SqlClient.SqlCommand.<>c.<ExecuteDbDataReaderAsync>b__209_0(Task`1 result)
   at System.Threading.Tasks.ContinuationResultTaskFromResultTask`2.InnerInvoke()
   at System.Threading.ExecutionContext.RunInternal(ExecutionContext executionContext, ContextCallback callback, Object state)
--- End of stack trace from previous location ---
   at System.Threading.ExecutionContext.RunInternal(ExecutionContext executionContext, ContextCallback callback, Object state)
   at System.Threading.Tasks.Task.ExecuteWithThreadLocal(Task& currentTaskSlot, Thread threadPoolThread)
--- End of stack trace from previous location ---
   at Microsoft.EntityFrameworkCore.Storage.RelationalCommand.ExecuteReaderAsync(RelationalCommandParameterObject parameterObject, CancellationToken cancellationToken)
   at Microsoft.EntityFrameworkCore.Storage.RelationalCommand.ExecuteReaderAsync(RelationalCommandParameterObject parameterObject, CancellationToken cancellationToken)
   at Microsoft.EntityFrameworkCore.Update.ReaderModificationCommandBatch.ExecuteAsync(IRelationalConnection connection, CancellationToken cancellationToken)
ClientConnectionId:71c3392b-f03b-4589-968b-4c037089f360
Error Number:547,State:0,Class:16
   --- End of inner exception stack trace ---
   at Microsoft.EntityFrameworkCore.Update.ReaderModificationCommandBatch.ExecuteAsync(IRelationalConnection connection, CancellationToken cancellationToken)
   at Microsoft.EntityFrameworkCore.SqlServer.Update.Internal.SqlServerModificationCommandBatch.ExecuteAsync(IRelationalConnection connection, CancellationToken cancellationToken)
   at Microsoft.EntityFrameworkCore.Update.Internal.BatchExecutor.ExecuteAsync(IEnumerable`1 commandBatches, IRelationalConnection connection, CancellationToken cancellationToken)
   at Microsoft.EntityFrameworkCore.Update.Internal.BatchExecutor.ExecuteAsync(IEnumerable`1 commandBatches, IRelationalConnection connection, CancellationToken cancellationToken)
   at Microsoft.EntityFrameworkCore.Update.Internal.BatchExecutor.ExecuteAsync(IEnumerable`1 commandBatches, IRelationalConnection connection, CancellationToken cancellationToken)
   at Microsoft.EntityFrameworkCore.ChangeTracking.Internal.StateManager.SaveChangesAsync(IList`1 entriesToSave, CancellationToken cancellationToken)
   at Microsoft.EntityFrameworkCore.ChangeTracking.Internal.StateManager.SaveChangesAsync(StateManager stateManager, Boolean acceptAllChangesOnSuccess, CancellationToken cancellationToken)
   at Microsoft.EntityFrameworkCore.SqlServer.Storage.Internal.SqlServerExecutionStrategy.ExecuteAsync[TState,TResult](TState state, Func`4 operation, Func`4 verifySucceeded, CancellationToken cancellationToken)
   at Microsoft.EntityFrameworkCore.DbContext.SaveChangesAsync(Boolean acceptAllChangesOnSuccess, CancellationToken cancellationToken)
Microsoft.EntityFrameworkCore.DbUpdateException: An error occurred while saving the entity changes. See the inner exception for details.
 ---> Microsoft.Data.SqlClient.SqlException (0x80131904): The INSERT statement conflicted with the FOREIGN KEY constraint "FK_Reservations_Users_CustomerId". The conflict occurred in database "SmartRestaurant", table "dbo.Users", column 'Id'.
The statement has been terminated.
   at Microsoft.Data.SqlClient.SqlCommand.<>c.<ExecuteDbDataReaderAsync>b__209_0(Task`1 result)
   at System.Threading.Tasks.ContinuationResultTaskFromResultTask`2.InnerInvoke()
   at System.Threading.ExecutionContext.RunInternal(ExecutionContext executionContext, ContextCallback callback, Object state)
--- End of stack trace from previous location ---
   at System.Threading.ExecutionContext.RunInternal(ExecutionContext executionContext, ContextCallback callback, Object state)
   at System.Threading.Tasks.Task.ExecuteWithThreadLocal(Task& currentTaskSlot, Thread threadPoolThread)
--- End of stack trace from previous location ---
   at Microsoft.EntityFrameworkCore.Storage.RelationalCommand.ExecuteReaderAsync(RelationalCommandParameterObject parameterObject, CancellationToken cancellationToken)
   at Microsoft.EntityFrameworkCore.Storage.RelationalCommand.ExecuteReaderAsync(RelationalCommandParameterObject parameterObject, CancellationToken cancellationToken)
   at Microsoft.EntityFrameworkCore.Update.ReaderModificationCommandBatch.ExecuteAsync(IRelationalConnection connection, CancellationToken cancellationToken)
ClientConnectionId:71c3392b-f03b-4589-968b-4c037089f360
Error Number:547,State:0,Class:16
   --- End of inner exception stack trace ---
   at Microsoft.EntityFrameworkCore.Update.ReaderModificationCommandBatch.ExecuteAsync(IRelationalConnection connection, CancellationToken cancellationToken)
   at Microsoft.EntityFrameworkCore.SqlServer.Update.Internal.SqlServerModificationCommandBatch.ExecuteAsync(IRelationalConnection connection, CancellationToken cancellationToken)
   at Microsoft.EntityFrameworkCore.Update.Internal.BatchExecutor.ExecuteAsync(IEnumerable`1 commandBatches, IRelationalConnection connection, CancellationToken cancellationToken)
   at Microsoft.EntityFrameworkCore.Update.Internal.BatchExecutor.ExecuteAsync(IEnumerable`1 commandBatches, IRelationalConnection connection, CancellationToken cancellationToken)
   at Microsoft.EntityFrameworkCore.Update.Internal.BatchExecutor.ExecuteAsync(IEnumerable`1 commandBatches, IRelationalConnection connection, CancellationToken cancellationToken)
   at Microsoft.EntityFrameworkCore.ChangeTracking.Internal.StateManager.SaveChangesAsync(IList`1 entriesToSave, CancellationToken cancellationToken)
   at Microsoft.EntityFrameworkCore.ChangeTracking.Internal.StateManager.SaveChangesAsync(StateManager stateManager, Boolean acceptAllChangesOnSuccess, CancellationToken cancellationToken)
   at Microsoft.EntityFrameworkCore.SqlServer.Storage.Internal.SqlServerExecutionStrategy.ExecuteAsync[TState,TResult](TState state, Func`4 operation, Func`4 verifySucceeded, CancellationToken cancellationToken)
   at Microsoft.EntityFrameworkCore.DbContext.SaveChangesAsync(Boolean acceptAllChangesOnSuccess, CancellationToken cancellationToken)
2025-12-24 20:48:37.004 +02:00 [WRN] No store type was specified for the decimal property 'Quantity' on entity type 'Ingredient'. This will cause values to be silently truncated if they do not fit in the default precision and scale. Explicitly specify the SQL server column type that can accommodate all the values in 'OnModelCreating' using 'HasColumnType', specify precision and scale using 'HasPrecision', or configure a value converter using 'HasConversion'.
2025-12-24 20:48:37.029 +02:00 [WRN] No store type was specified for the decimal property 'MinimumThreshold' on entity type 'InventoryItem'. This will cause values to be silently truncated if they do not fit in the default precision and scale. Explicitly specify the SQL server column type that can accommodate all the values in 'OnModelCreating' using 'HasColumnType', specify precision and scale using 'HasPrecision', or configure a value converter using 'HasConversion'.
2025-12-24 20:48:37.030 +02:00 [WRN] No store type was specified for the decimal property 'Quantity' on entity type 'InventoryItem'. This will cause values to be silently truncated if they do not fit in the default precision and scale. Explicitly specify the SQL server column type that can accommodate all the values in 'OnModelCreating' using 'HasColumnType', specify precision and scale using 'HasPrecision', or configure a value converter using 'HasConversion'.
2025-12-24 20:48:37.031 +02:00 [WRN] No store type was specified for the decimal property 'Price' on entity type 'MenuItem'. This will cause values to be silently truncated if they do not fit in the default precision and scale. Explicitly specify the SQL server column type that can accommodate all the values in 'OnModelCreating' using 'HasColumnType', specify precision and scale using 'HasPrecision', or configure a value converter using 'HasConversion'.
2025-12-24 20:48:37.032 +02:00 [WRN] No store type was specified for the decimal property 'TotalPrice' on entity type 'Order'. This will cause values to be silently truncated if they do not fit in the default precision and scale. Explicitly specify the SQL server column type that can accommodate all the values in 'OnModelCreating' using 'HasColumnType', specify precision and scale using 'HasPrecision', or configure a value converter using 'HasConversion'.
2025-12-24 20:48:37.033 +02:00 [WRN] No store type was specified for the decimal property 'UnitPrice' on entity type 'OrderItem'. This will cause values to be silently truncated if they do not fit in the default precision and scale. Explicitly specify the SQL server column type that can accommodate all the values in 'OnModelCreating' using 'HasColumnType', specify precision and scale using 'HasPrecision', or configure a value converter using 'HasConversion'.
2025-12-24 20:48:37.418 +02:00 [INF] Executed DbCommand (17ms) [Parameters=[], CommandType='"Text"', CommandTimeout='30']
SELECT CASE
    WHEN EXISTS (
        SELECT 1
        FROM [Users] AS [u]) THEN CAST(1 AS bit)
    ELSE CAST(0 AS bit)
END
2025-12-24 20:48:37.636 +02:00 [INF] Executed DbCommand (41ms) [Parameters=[@p0='?' (DbType = Guid), @p1='?' (Size = 4000), @p2='?' (Size = 4000), @p3='?' (Size = 4000), @p4='?' (DbType = Int32), @p5='?' (DbType = Guid), @p6='?' (Size = 4000), @p7='?' (Size = 4000), @p8='?' (Size = 4000), @p9='?' (DbType = Int32), @p10='?' (DbType = Guid), @p11='?' (Size = 4000), @p12='?' (Size = 4000), @p13='?' (Size = 4000), @p14='?' (DbType = Int32)], CommandType='"Text"', CommandTimeout='30']
SET IMPLICIT_TRANSACTIONS OFF;
SET NOCOUNT ON;
INSERT INTO [Users] ([Id], [Email], [ExternalId], [FullName], [Role])
VALUES (@p0, @p1, @p2, @p3, @p4),
(@p5, @p6, @p7, @p8, @p9),
(@p10, @p11, @p12, @p13, @p14);
2025-12-24 20:48:37.660 +02:00 [INF] Executed DbCommand (4ms) [Parameters=[], CommandType='"Text"', CommandTimeout='30']
SELECT CASE
    WHEN EXISTS (
        SELECT 1
        FROM [MenuItems] AS [m]) THEN CAST(1 AS bit)
    ELSE CAST(0 AS bit)
END
2025-12-24 20:48:37.750 +02:00 [INF] Executed DbCommand (17ms) [Parameters=[@p0='?' (DbType = Guid), @p1='?' (Size = 4000), @p2='?' (Size = 4000), @p3='?' (DbType = Boolean), @p4='?' (Size = 4000), @p5='?' (Precision = 18) (Scale = 2) (DbType = Decimal), @p6='?' (DbType = Guid), @p7='?' (Size = 4000), @p8='?' (Size = 4000), @p9='?' (DbType = Boolean), @p10='?' (Size = 4000), @p11='?' (Precision = 18) (Scale = 2) (DbType = Decimal), @p12='?' (DbType = Guid), @p13='?' (Size = 4000), @p14='?' (Size = 4000), @p15='?' (DbType = Boolean), @p16='?' (Size = 4000), @p17='?' (Precision = 18) (Scale = 2) (DbType = Decimal), @p18='?' (DbType = Guid), @p19='?' (Size = 4000), @p20='?' (Size = 4000), @p21='?' (DbType = Boolean), @p22='?' (Size = 4000), @p23='?' (Precision = 18) (Scale = 2) (DbType = Decimal), @p24='?' (DbType = Guid), @p25='?' (Size = 4000), @p26='?' (Size = 4000), @p27='?' (DbType = Boolean), @p28='?' (Size = 4000), @p29='?' (Precision = 18) (Scale = 2) (DbType = Decimal), @p30='?' (DbType = Guid), @p31='?' (Size = 4000), @p32='?' (Size = 4000), @p33='?' (DbType = Boolean), @p34='?' (Size = 4000), @p35='?' (Precision = 18) (Scale = 2) (DbType = Decimal), @p36='?' (DbType = Guid), @p37='?' (Size = 4000), @p38='?' (Size = 4000), @p39='?' (DbType = Boolean), @p40='?' (Size = 4000), @p41='?' (Precision = 18) (Scale = 2) (DbType = Decimal), @p42='?' (DbType = Guid), @p43='?' (Size = 4000), @p44='?' (Size = 4000), @p45='?' (DbType = Boolean), @p46='?' (Size = 4000), @p47='?' (Precision = 18) (Scale = 2) (DbType = Decimal), @p48='?' (DbType = Guid), @p49='?' (Size = 4000), @p50='?' (Size = 4000), @p51='?' (DbType = Boolean), @p52='?' (Size = 4000), @p53='?' (Precision = 18) (Scale = 2) (DbType = Decimal), @p54='?' (DbType = Guid), @p55='?' (DbType = Guid), @p56='?' (Size = 4000), @p57='?' (Precision = 18) (Scale = 2) (DbType = Decimal), @p58='?' (Size = 4000), @p59='?' (DbType = Guid), @p60='?' (DbType = Guid), @p61='?' (Size = 4000), @p62='?' (Precision = 18) (Scale = 2) (DbType = Decimal), @p63='?' (Size = 4000), @p64='?' (DbType = Guid), @p65='?' (DbType = Guid), @p66='?' (Size = 4000), @p67='?' (Precision = 18) (Scale = 2) (DbType = Decimal), @p68='?' (Size = 4000), @p69='?' (DbType = Guid), @p70='?' (DbType = Guid), @p71='?' (Size = 4000), @p72='?' (Precision = 18) (Scale = 2) (DbType = Decimal), @p73='?' (Size = 4000), @p74='?' (DbType = Guid), @p75='?' (DbType = Guid), @p76='?' (Size = 4000), @p77='?' (Precision = 18) (Scale = 2) (DbType = Decimal), @p78='?' (Size = 4000), @p79='?' (DbType = Guid), @p80='?' (DbType = Guid), @p81='?' (Size = 4000), @p82='?' (Precision = 18) (Scale = 2) (DbType = Decimal), @p83='?' (Size = 4000), @p84='?' (DbType = Guid), @p85='?' (DbType = Guid), @p86='?' (Size = 4000), @p87='?' (Precision = 18) (Scale = 2) (DbType = Decimal), @p88='?' (Size = 4000), @p89='?' (DbType = Guid), @p90='?' (DbType = Guid), @p91='?' (Size = 4000), @p92='?' (Precision = 18) (Scale = 2) (DbType = Decimal), @p93='?' (Size = 4000), @p94='?' (DbType = Guid), @p95='?' (DbType = Guid), @p96='?' (Size = 4000), @p97='?' (Precision = 18) (Scale = 2) (DbType = Decimal), @p98='?' (Size = 4000), @p99='?' (DbType = Guid), @p100='?' (DbType = Guid), @p101='?' (Size = 4000), @p102='?' (Precision = 18) (Scale = 2) (DbType = Decimal), @p103='?' (Size = 4000), @p104='?' (DbType = Guid), @p105='?' (DbType = Guid), @p106='?' (Size = 4000), @p107='?' (Precision = 18) (Scale = 2) (DbType = Decimal), @p108='?' (Size = 4000), @p109='?' (DbType = Guid), @p110='?' (DbType = Guid), @p111='?' (Size = 4000), @p112='?' (Precision = 18) (Scale = 2) (DbType = Decimal), @p113='?' (Size = 4000), @p114='?' (DbType = Guid), @p115='?' (DbType = Guid), @p116='?' (Size = 4000), @p117='?' (Precision = 18) (Scale = 2) (DbType = Decimal), @p118='?' (Size = 4000), @p119='?' (DbType = Guid), @p120='?' (DbType = Guid), @p121='?' (Size = 4000), @p122='?' (Precision = 18) (Scale = 2) (DbType = Decimal), @p123='?' (Size = 4000), @p124='?' (DbType = Guid), @p125='?' (DbType = Guid), @p126='?' (Size = 4000), @p127='?' (Precision = 18) (Scale = 2) (DbType = Decimal), @p128='?' (Size = 4000), @p129='?' (DbType = Guid), @p130='?' (DbType = Guid), @p131='?' (Size = 4000), @p132='?' (Precision = 18) (Scale = 2) (DbType = Decimal), @p133='?' (Size = 4000), @p134='?' (DbType = Guid), @p135='?' (DbType = Guid), @p136='?' (Size = 4000), @p137='?' (Precision = 18) (Scale = 2) (DbType = Decimal), @p138='?' (Size = 4000), @p139='?' (DbType = Guid), @p140='?' (DbType = Guid), @p141='?' (Size = 4000), @p142='?' (Precision = 18) (Scale = 2) (DbType = Decimal), @p143='?' (Size = 4000), @p144='?' (DbType = Guid), @p145='?' (DbType = Guid), @p146='?' (Size = 4000), @p147='?' (Precision = 18) (Scale = 2) (DbType = Decimal), @p148='?' (Size = 4000), @p149='?' (DbType = Guid), @p150='?' (DbType = Guid), @p151='?' (Size = 4000), @p152='?' (Precision = 18) (Scale = 2) (DbType = Decimal), @p153='?' (Size = 4000), @p154='?' (DbType = Guid), @p155='?' (DbType = Guid), @p156='?' (Size = 4000), @p157='?' (Precision = 18) (Scale = 2) (DbType = Decimal), @p158='?' (Size = 4000), @p159='?' (DbType = Guid), @p160='?' (DbType = Guid), @p161='?' (Size = 4000), @p162='?' (Precision = 18) (Scale = 2) (DbType = Decimal), @p163='?' (Size = 4000), @p164='?' (DbType = Guid), @p165='?' (DbType = Guid), @p166='?' (Size = 4000), @p167='?' (Precision = 18) (Scale = 2) (DbType = Decimal), @p168='?' (Size = 4000), @p169='?' (DbType = Guid), @p170='?' (DbType = Guid), @p171='?' (Size = 4000), @p172='?' (Precision = 18) (Scale = 2) (DbType = Decimal), @p173='?' (Size = 4000), @p174='?' (DbType = Guid), @p175='?' (DbType = Guid), @p176='?' (Size = 4000), @p177='?' (Precision = 18) (Scale = 2) (DbType = Decimal), @p178='?' (Size = 4000), @p179='?' (DbType = Guid), @p180='?' (DbType = Guid), @p181='?' (Size = 4000), @p182='?' (Precision = 18) (Scale = 2) (DbType = Decimal), @p183='?' (Size = 4000), @p184='?' (DbType = Guid), @p185='?' (DbType = Guid), @p186='?' (Size = 4000), @p187='?' (Precision = 18) (Scale = 2) (DbType = Decimal), @p188='?' (Size = 4000), @p189='?' (DbType = Guid), @p190='?' (DbType = Guid), @p191='?' (Size = 4000), @p192='?' (Precision = 18) (Scale = 2) (DbType = Decimal), @p193='?' (Size = 4000), @p194='?' (DbType = Guid), @p195='?' (DbType = Guid), @p196='?' (Size = 4000), @p197='?' (Precision = 18) (Scale = 2) (DbType = Decimal), @p198='?' (Size = 4000), @p199='?' (DbType = Guid), @p200='?' (DbType = Guid), @p201='?' (Size = 4000), @p202='?' (Precision = 18) (Scale = 2) (DbType = Decimal), @p203='?' (Size = 4000), @p204='?' (DbType = Guid), @p205='?' (DbType = Guid), @p206='?' (Size = 4000), @p207='?' (Precision = 18) (Scale = 2) (DbType = Decimal), @p208='?' (Size = 4000)], CommandType='"Text"', CommandTimeout='30']
SET NOCOUNT ON;
INSERT INTO [MenuItems] ([Id], [Description], [Image], [IsAvailable], [Name], [Price])
VALUES (@p0, @p1, @p2, @p3, @p4, @p5),
(@p6, @p7, @p8, @p9, @p10, @p11),
(@p12, @p13, @p14, @p15, @p16, @p17),
(@p18, @p19, @p20, @p21, @p22, @p23),
(@p24, @p25, @p26, @p27, @p28, @p29),
(@p30, @p31, @p32, @p33, @p34, @p35),
(@p36, @p37, @p38, @p39, @p40, @p41),
(@p42, @p43, @p44, @p45, @p46, @p47),
(@p48, @p49, @p50, @p51, @p52, @p53);
INSERT INTO [Ingredients] ([Id], [MenuItemId], [Name], [Quantity], [Unit])
VALUES (@p54, @p55, @p56, @p57, @p58),
(@p59, @p60, @p61, @p62, @p63),
(@p64, @p65, @p66, @p67, @p68),
(@p69, @p70, @p71, @p72, @p73),
(@p74, @p75, @p76, @p77, @p78),
(@p79, @p80, @p81, @p82, @p83),
(@p84, @p85, @p86, @p87, @p88),
(@p89, @p90, @p91, @p92, @p93),
(@p94, @p95, @p96, @p97, @p98),
(@p99, @p100, @p101, @p102, @p103),
(@p104, @p105, @p106, @p107, @p108),
(@p109, @p110, @p111, @p112, @p113),
(@p114, @p115, @p116, @p117, @p118),
(@p119, @p120, @p121, @p122, @p123),
(@p124, @p125, @p126, @p127, @p128),
(@p129, @p130, @p131, @p132, @p133),
(@p134, @p135, @p136, @p137, @p138),
(@p139, @p140, @p141, @p142, @p143),
(@p144, @p145, @p146, @p147, @p148),
(@p149, @p150, @p151, @p152, @p153),
(@p154, @p155, @p156, @p157, @p158),
(@p159, @p160, @p161, @p162, @p163),
(@p164, @p165, @p166, @p167, @p168),
(@p169, @p170, @p171, @p172, @p173),
(@p174, @p175, @p176, @p177, @p178),
(@p179, @p180, @p181, @p182, @p183),
(@p184, @p185, @p186, @p187, @p188),
(@p189, @p190, @p191, @p192, @p193),
(@p194, @p195, @p196, @p197, @p198),
(@p199, @p200, @p201, @p202, @p203),
(@p204, @p205, @p206, @p207, @p208);
2025-12-24 20:48:37.765 +02:00 [INF] Executed DbCommand (2ms) [Parameters=[], CommandType='"Text"', CommandTimeout='30']
SELECT CASE
    WHEN EXISTS (
        SELECT 1
        FROM [Ingredients] AS [i]) THEN CAST(1 AS bit)
    ELSE CAST(0 AS bit)
END
2025-12-24 20:48:37.771 +02:00 [INF] Executed DbCommand (2ms) [Parameters=[], CommandType='"Text"', CommandTimeout='30']
SELECT CASE
    WHEN EXISTS (
        SELECT 1
        FROM [InventoryItems] AS [i]) THEN CAST(1 AS bit)
    ELSE CAST(0 AS bit)
END
2025-12-24 20:48:37.846 +02:00 [INF] Executed DbCommand (7ms) [Parameters=[@p0='?' (DbType = Guid), @p1='?' (DbType = DateTime2), @p2='?' (Precision = 18) (Scale = 2) (DbType = Decimal), @p3='?' (Size = 4000), @p4='?' (Precision = 18) (Scale = 2) (DbType = Decimal), @p5='?' (Size = 4000), @p6='?' (DbType = Guid), @p7='?' (DbType = DateTime2), @p8='?' (Precision = 18) (Scale = 2) (DbType = Decimal), @p9='?' (Size = 4000), @p10='?' (Precision = 18) (Scale = 2) (DbType = Decimal), @p11='?' (Size = 4000), @p12='?' (DbType = Guid), @p13='?' (DbType = DateTime2), @p14='?' (Precision = 18) (Scale = 2) (DbType = Decimal), @p15='?' (Size = 4000), @p16='?' (Precision = 18) (Scale = 2) (DbType = Decimal), @p17='?' (Size = 4000), @p18='?' (DbType = Guid), @p19='?' (DbType = DateTime2), @p20='?' (Precision = 18) (Scale = 2) (DbType = Decimal), @p21='?' (Size = 4000), @p22='?' (Precision = 18) (Scale = 2) (DbType = Decimal), @p23='?' (Size = 4000), @p24='?' (DbType = Guid), @p25='?' (DbType = DateTime2), @p26='?' (Precision = 18) (Scale = 2) (DbType = Decimal), @p27='?' (Size = 4000), @p28='?' (Precision = 18) (Scale = 2) (DbType = Decimal), @p29='?' (Size = 4000), @p30='?' (DbType = Guid), @p31='?' (DbType = DateTime2), @p32='?' (Precision = 18) (Scale = 2) (DbType = Decimal), @p33='?' (Size = 4000), @p34='?' (Precision = 18) (Scale = 2) (DbType = Decimal), @p35='?' (Size = 4000), @p36='?' (DbType = Guid), @p37='?' (DbType = DateTime2), @p38='?' (Precision = 18) (Scale = 2) (DbType = Decimal), @p39='?' (Size = 4000), @p40='?' (Precision = 18) (Scale = 2) (DbType = Decimal), @p41='?' (Size = 4000), @p42='?' (DbType = Guid), @p43='?' (DbType = DateTime2), @p44='?' (Precision = 18) (Scale = 2) (DbType = Decimal), @p45='?' (Size = 4000), @p46='?' (Precision = 18) (Scale = 2) (DbType = Decimal), @p47='?' (Size = 4000), @p48='?' (DbType = Guid), @p49='?' (DbType = DateTime2), @p50='?' (Precision = 18) (Scale = 2) (DbType = Decimal), @p51='?' (Size = 4000), @p52='?' (Precision = 18) (Scale = 2) (DbType = Decimal), @p53='?' (Size = 4000), @p54='?' (DbType = Guid), @p55='?' (DbType = DateTime2), @p56='?' (Precision = 18) (Scale = 2) (DbType = Decimal), @p57='?' (Size = 4000), @p58='?' (Precision = 18) (Scale = 2) (DbType = Decimal), @p59='?' (Size = 4000)], CommandType='"Text"', CommandTimeout='30']
SET IMPLICIT_TRANSACTIONS OFF;
SET NOCOUNT ON;
INSERT INTO [InventoryItems] ([Id], [LastUpdated], [MinimumThreshold], [Name], [Quantity], [Unit])
VALUES (@p0, @p1, @p2, @p3, @p4, @p5),
(@p6, @p7, @p8, @p9, @p10, @p11),
(@p12, @p13, @p14, @p15, @p16, @p17),
(@p18, @p19, @p20, @p21, @p22, @p23),
(@p24, @p25, @p26, @p27, @p28, @p29),
(@p30, @p31, @p32, @p33, @p34, @p35),
(@p36, @p37, @p38, @p39, @p40, @p41),
(@p42, @p43, @p44, @p45, @p46, @p47),
(@p48, @p49, @p50, @p51, @p52, @p53),
(@p54, @p55, @p56, @p57, @p58, @p59);
2025-12-24 20:48:37.856 +02:00 [INF] Executed DbCommand (3ms) [Parameters=[], CommandType='"Text"', CommandTimeout='30']
SELECT CASE
    WHEN EXISTS (
        SELECT 1
        FROM [LoyaltyAccounts] AS [l]) THEN CAST(1 AS bit)
    ELSE CAST(0 AS bit)
END
2025-12-24 20:48:37.893 +02:00 [INF] Executed DbCommand (6ms) [Parameters=[@p0='?' (DbType = Guid), @p1='?' (DbType = Int32), @p2='?' (DbType = Int32), @p3='?' (DbType = Guid)], CommandType='"Text"', CommandTimeout='30']
SET IMPLICIT_TRANSACTIONS OFF;
SET NOCOUNT ON;
INSERT INTO [LoyaltyAccounts] ([Id], [Points], [Tier], [UserId])
VALUES (@p0, @p1, @p2, @p3);
2025-12-24 20:48:37.902 +02:00 [INF] Executed DbCommand (2ms) [Parameters=[], CommandType='"Text"', CommandTimeout='30']
SELECT CASE
    WHEN EXISTS (
        SELECT 1
        FROM [Reservations] AS [r]) THEN CAST(1 AS bit)
    ELSE CAST(0 AS bit)
END
2025-12-24 20:48:37.931 +02:00 [INF] Executed DbCommand (3ms) [Parameters=[@p0='?' (DbType = Guid), @p1='?' (DbType = Guid), @p2='?' (DbType = Int32), @p3='?' (DbType = DateTime2), @p4='?' (DbType = Int32)], CommandType='"Text"', CommandTimeout='30']
SET IMPLICIT_TRANSACTIONS OFF;
SET NOCOUNT ON;
INSERT INTO [Reservations] ([Id], [CustomerId], [Guests], [ReservationTime], [Status])
VALUES (@p0, @p1, @p2, @p3, @p4);
2025-12-24 20:48:38.010 +02:00 [INF] No action descriptors found. This may indicate an incorrectly configured application or missing application parts. To learn more, visit https://aka.ms/aspnet/mvc/app-parts
2025-12-24 20:48:38.203 +02:00 [INF] Now listening on: https://localhost:7252
2025-12-24 20:48:38.204 +02:00 [INF] Now listening on: http://localhost:5296
2025-12-24 20:48:38.235 +02:00 [INF] Application started. Press Ctrl+C to shut down.
2025-12-24 20:48:38.237 +02:00 [INF] Hosting environment: Development
2025-12-24 20:48:38.238 +02:00 [INF] Content root path: C:\Users\User\source\repos\SmartRestaurant\SmartRestaurant.API
2025-12-24 20:48:38.959 +02:00 [INF] Request starting HTTP/2 GET https://localhost:7252/_framework/aspnetcore-browser-refresh.js - null null
2025-12-24 20:48:38.959 +02:00 [INF] Request starting HTTP/2 GET https://localhost:7252/_vs/browserLink - null null
2025-12-24 20:48:39.000 +02:00 [INF] Request finished HTTP/2 GET https://localhost:7252/_framework/aspnetcore-browser-refresh.js - 200 16523 application/javascript; charset=utf-8 56.1854ms
2025-12-24 20:48:39.054 +02:00 [INF] Request finished HTTP/2 GET https://localhost:7252/_vs/browserLink - 200 null text/javascript; charset=UTF-8 110.5756ms
2025-12-24 20:48:39.082 +02:00 [INF] Request starting HTTP/2 GET https://localhost:7252/swagger/v1/swagger.json - null null
2025-12-24 20:48:39.111 +02:00 [INF] Request finished HTTP/2 GET https://localhost:7252/swagger/v1/swagger.json - 200 null application/json;charset=utf-8 29.9426ms
