2025-12-25 00:22:24.090 +02:00 [WRN] No store type was specified for the decimal property 'Quantity' on entity type 'Ingredient'. This will cause values to be silently truncated if they do not fit in the default precision and scale. Explicitly specify the SQL server column type that can accommodate all the values in 'OnModelCreating' using 'HasColumnType', specify precision and scale using 'HasPrecision', or configure a value converter using 'HasConversion'.
2025-12-25 00:22:24.127 +02:00 [WRN] No store type was specified for the decimal property 'MinimumThreshold' on entity type 'InventoryItem'. This will cause values to be silently truncated if they do not fit in the default precision and scale. Explicitly specify the SQL server column type that can accommodate all the values in 'OnModelCreating' using 'HasColumnType', specify precision and scale using 'HasPrecision', or configure a value converter using 'HasConversion'.
2025-12-25 00:22:24.128 +02:00 [WRN] No store type was specified for the decimal property 'Quantity' on entity type 'InventoryItem'. This will cause values to be silently truncated if they do not fit in the default precision and scale. Explicitly specify the SQL server column type that can accommodate all the values in 'OnModelCreating' using 'HasColumnType', specify precision and scale using 'HasPrecision', or configure a value converter using 'HasConversion'.
2025-12-25 00:22:24.128 +02:00 [WRN] No store type was specified for the decimal property 'Price' on entity type 'MenuItem'. This will cause values to be silently truncated if they do not fit in the default precision and scale. Explicitly specify the SQL server column type that can accommodate all the values in 'OnModelCreating' using 'HasColumnType', specify precision and scale using 'HasPrecision', or configure a value converter using 'HasConversion'.
2025-12-25 00:22:24.128 +02:00 [WRN] No store type was specified for the decimal property 'TotalPrice' on entity type 'Order'. This will cause values to be silently truncated if they do not fit in the default precision and scale. Explicitly specify the SQL server column type that can accommodate all the values in 'OnModelCreating' using 'HasColumnType', specify precision and scale using 'HasPrecision', or configure a value converter using 'HasConversion'.
2025-12-25 00:22:24.128 +02:00 [WRN] No store type was specified for the decimal property 'UnitPrice' on entity type 'OrderItem'. This will cause values to be silently truncated if they do not fit in the default precision and scale. Explicitly specify the SQL server column type that can accommodate all the values in 'OnModelCreating' using 'HasColumnType', specify precision and scale using 'HasPrecision', or configure a value converter using 'HasConversion'.
2025-12-25 00:22:24.265 +02:00 [WRN] No store type was specified for the decimal property 'Quantity' on entity type 'Ingredient'. This will cause values to be silently truncated if they do not fit in the default precision and scale. Explicitly specify the SQL server column type that can accommodate all the values in 'OnModelCreating' using 'HasColumnType', specify precision and scale using 'HasPrecision', or configure a value converter using 'HasConversion'.
2025-12-25 00:22:24.266 +02:00 [WRN] No store type was specified for the decimal property 'MinimumThreshold' on entity type 'InventoryItem'. This will cause values to be silently truncated if they do not fit in the default precision and scale. Explicitly specify the SQL server column type that can accommodate all the values in 'OnModelCreating' using 'HasColumnType', specify precision and scale using 'HasPrecision', or configure a value converter using 'HasConversion'.
2025-12-25 00:22:24.266 +02:00 [WRN] No store type was specified for the decimal property 'Quantity' on entity type 'InventoryItem'. This will cause values to be silently truncated if they do not fit in the default precision and scale. Explicitly specify the SQL server column type that can accommodate all the values in 'OnModelCreating' using 'HasColumnType', specify precision and scale using 'HasPrecision', or configure a value converter using 'HasConversion'.
2025-12-25 00:22:24.266 +02:00 [WRN] No store type was specified for the decimal property 'Price' on entity type 'MenuItem'. This will cause values to be silently truncated if they do not fit in the default precision and scale. Explicitly specify the SQL server column type that can accommodate all the values in 'OnModelCreating' using 'HasColumnType', specify precision and scale using 'HasPrecision', or configure a value converter using 'HasConversion'.
2025-12-25 00:22:24.266 +02:00 [WRN] No store type was specified for the decimal property 'TotalPrice' on entity type 'Order'. This will cause values to be silently truncated if they do not fit in the default precision and scale. Explicitly specify the SQL server column type that can accommodate all the values in 'OnModelCreating' using 'HasColumnType', specify precision and scale using 'HasPrecision', or configure a value converter using 'HasConversion'.
2025-12-25 00:22:24.266 +02:00 [WRN] No store type was specified for the decimal property 'UnitPrice' on entity type 'OrderItem'. This will cause values to be silently truncated if they do not fit in the default precision and scale. Explicitly specify the SQL server column type that can accommodate all the values in 'OnModelCreating' using 'HasColumnType', specify precision and scale using 'HasPrecision', or configure a value converter using 'HasConversion'.
2025-12-25 00:22:41.070 +02:00 [WRN] No store type was specified for the decimal property 'Quantity' on entity type 'Ingredient'. This will cause values to be silently truncated if they do not fit in the default precision and scale. Explicitly specify the SQL server column type that can accommodate all the values in 'OnModelCreating' using 'HasColumnType', specify precision and scale using 'HasPrecision', or configure a value converter using 'HasConversion'.
2025-12-25 00:22:41.098 +02:00 [WRN] No store type was specified for the decimal property 'MinimumThreshold' on entity type 'InventoryItem'. This will cause values to be silently truncated if they do not fit in the default precision and scale. Explicitly specify the SQL server column type that can accommodate all the values in 'OnModelCreating' using 'HasColumnType', specify precision and scale using 'HasPrecision', or configure a value converter using 'HasConversion'.
2025-12-25 00:22:41.099 +02:00 [WRN] No store type was specified for the decimal property 'Quantity' on entity type 'InventoryItem'. This will cause values to be silently truncated if they do not fit in the default precision and scale. Explicitly specify the SQL server column type that can accommodate all the values in 'OnModelCreating' using 'HasColumnType', specify precision and scale using 'HasPrecision', or configure a value converter using 'HasConversion'.
2025-12-25 00:22:41.099 +02:00 [WRN] No store type was specified for the decimal property 'Price' on entity type 'MenuItem'. This will cause values to be silently truncated if they do not fit in the default precision and scale. Explicitly specify the SQL server column type that can accommodate all the values in 'OnModelCreating' using 'HasColumnType', specify precision and scale using 'HasPrecision', or configure a value converter using 'HasConversion'.
2025-12-25 00:22:41.099 +02:00 [WRN] No store type was specified for the decimal property 'TotalPrice' on entity type 'Order'. This will cause values to be silently truncated if they do not fit in the default precision and scale. Explicitly specify the SQL server column type that can accommodate all the values in 'OnModelCreating' using 'HasColumnType', specify precision and scale using 'HasPrecision', or configure a value converter using 'HasConversion'.
2025-12-25 00:22:41.099 +02:00 [WRN] No store type was specified for the decimal property 'UnitPrice' on entity type 'OrderItem'. This will cause values to be silently truncated if they do not fit in the default precision and scale. Explicitly specify the SQL server column type that can accommodate all the values in 'OnModelCreating' using 'HasColumnType', specify precision and scale using 'HasPrecision', or configure a value converter using 'HasConversion'.
2025-12-25 00:22:41.509 +02:00 [INF] Executed DbCommand (26ms) [Parameters=[], CommandType='"Text"', CommandTimeout='30']
SELECT 1
2025-12-25 00:22:41.541 +02:00 [INF] Executed DbCommand (17ms) [Parameters=[], CommandType='"Text"', CommandTimeout='30']
SELECT OBJECT_ID(N'[__EFMigrationsHistory]');
2025-12-25 00:22:41.543 +02:00 [INF] Executed DbCommand (1ms) [Parameters=[], CommandType='"Text"', CommandTimeout='30']
SELECT 1
2025-12-25 00:22:41.629 +02:00 [INF] Executed DbCommand (9ms) [Parameters=[], CommandType='"Text"', CommandTimeout='30']
CREATE TABLE [__EFMigrationsHistory] (
    [MigrationId] nvarchar(150) NOT NULL,
    [ProductVersion] nvarchar(32) NOT NULL,
    CONSTRAINT [PK___EFMigrationsHistory] PRIMARY KEY ([MigrationId])
);
2025-12-25 00:22:41.630 +02:00 [INF] Executed DbCommand (1ms) [Parameters=[], CommandType='"Text"', CommandTimeout='30']
SELECT 1
2025-12-25 00:22:41.632 +02:00 [INF] Executed DbCommand (2ms) [Parameters=[], CommandType='"Text"', CommandTimeout='30']
SELECT OBJECT_ID(N'[__EFMigrationsHistory]');
2025-12-25 00:22:41.638 +02:00 [INF] Executed DbCommand (3ms) [Parameters=[], CommandType='"Text"', CommandTimeout='30']
SELECT [MigrationId], [ProductVersion]
FROM [__EFMigrationsHistory]
ORDER BY [MigrationId];
2025-12-25 00:22:41.651 +02:00 [INF] Applying migration '20251224222224_InitialMigration'.
2025-12-25 00:22:41.713 +02:00 [INF] Executed DbCommand (4ms) [Parameters=[], CommandType='"Text"', CommandTimeout='30']
CREATE TABLE [InventoryItems] (
    [Id] uniqueidentifier NOT NULL,
    [Name] nvarchar(max) NULL,
    [Unit] nvarchar(max) NULL,
    [Quantity] decimal(18,2) NOT NULL,
    [MinimumThreshold] decimal(18,2) NOT NULL,
    [LastUpdated] datetime2 NOT NULL,
    CONSTRAINT [PK_InventoryItems] PRIMARY KEY ([Id])
);
2025-12-25 00:22:41.722 +02:00 [INF] Executed DbCommand (8ms) [Parameters=[], CommandType='"Text"', CommandTimeout='30']
CREATE TABLE [MenuItems] (
    [Id] uniqueidentifier NOT NULL,
    [Name] nvarchar(max) NULL,
    [Image] nvarchar(max) NULL,
    [Description] nvarchar(max) NULL,
    [Price] decimal(18,2) NOT NULL,
    [IsAvailable] bit NOT NULL,
    CONSTRAINT [PK_MenuItems] PRIMARY KEY ([Id])
);
2025-12-25 00:22:41.724 +02:00 [INF] Executed DbCommand (2ms) [Parameters=[], CommandType='"Text"', CommandTimeout='30']
CREATE TABLE [Users] (
    [Id] uniqueidentifier NOT NULL,
    [ExternalId] nvarchar(max) NULL,
    [Email] nvarchar(max) NULL,
    [FullName] nvarchar(max) NULL,
    [Role] int NOT NULL,
    CONSTRAINT [PK_Users] PRIMARY KEY ([Id])
);
2025-12-25 00:22:41.727 +02:00 [INF] Executed DbCommand (3ms) [Parameters=[], CommandType='"Text"', CommandTimeout='30']
CREATE TABLE [Ingredients] (
    [Id] uniqueidentifier NOT NULL,
    [Name] nvarchar(max) NULL,
    [Quantity] decimal(18,2) NOT NULL,
    [Unit] nvarchar(max) NULL,
    [MenuItemId] uniqueidentifier NOT NULL,
    CONSTRAINT [PK_Ingredients] PRIMARY KEY ([Id]),
    CONSTRAINT [FK_Ingredients_MenuItems_MenuItemId] FOREIGN KEY ([MenuItemId]) REFERENCES [MenuItems] ([Id]) ON DELETE CASCADE
);
2025-12-25 00:22:41.729 +02:00 [INF] Executed DbCommand (3ms) [Parameters=[], CommandType='"Text"', CommandTimeout='30']
CREATE TABLE [LoyaltyAccounts] (
    [Id] uniqueidentifier NOT NULL,
    [UserId] uniqueidentifier NOT NULL,
    [Points] int NOT NULL,
    [Tier] int NOT NULL,
    CONSTRAINT [PK_LoyaltyAccounts] PRIMARY KEY ([Id]),
    CONSTRAINT [FK_LoyaltyAccounts_Users_UserId] FOREIGN KEY ([UserId]) REFERENCES [Users] ([Id]) ON DELETE CASCADE
);
2025-12-25 00:22:41.732 +02:00 [INF] Executed DbCommand (2ms) [Parameters=[], CommandType='"Text"', CommandTimeout='30']
CREATE TABLE [Orders] (
    [Id] uniqueidentifier NOT NULL,
    [CustomerId] uniqueidentifier NOT NULL,
    [Status] nvarchar(max) NOT NULL,
    [TotalPrice] decimal(18,2) NOT NULL,
    [CreatedAt] datetime2 NOT NULL,
    CONSTRAINT [PK_Orders] PRIMARY KEY ([Id]),
    CONSTRAINT [FK_Orders_Users_CustomerId] FOREIGN KEY ([CustomerId]) REFERENCES [Users] ([Id]) ON DELETE CASCADE
);
2025-12-25 00:22:41.734 +02:00 [INF] Executed DbCommand (2ms) [Parameters=[], CommandType='"Text"', CommandTimeout='30']
CREATE TABLE [Reservations] (
    [Id] uniqueidentifier NOT NULL,
    [CustomerId] uniqueidentifier NOT NULL,
    [ReservationTime] datetime2 NOT NULL,
    [Guests] int NOT NULL,
    [Status] int NOT NULL,
    CONSTRAINT [PK_Reservations] PRIMARY KEY ([Id]),
    CONSTRAINT [FK_Reservations_Users_CustomerId] FOREIGN KEY ([CustomerId]) REFERENCES [Users] ([Id]) ON DELETE CASCADE
);
2025-12-25 00:22:41.736 +02:00 [INF] Executed DbCommand (2ms) [Parameters=[], CommandType='"Text"', CommandTimeout='30']
CREATE TABLE [OrderItems] (
    [Id] uniqueidentifier NOT NULL,
    [OrderId] uniqueidentifier NOT NULL,
    [MenuItemId] uniqueidentifier NOT NULL,
    [Quantity] int NOT NULL,
    [UnitPrice] decimal(18,2) NOT NULL,
    CONSTRAINT [PK_OrderItems] PRIMARY KEY ([Id]),
    CONSTRAINT [FK_OrderItems_Orders_OrderId] FOREIGN KEY ([OrderId]) REFERENCES [Orders] ([Id]) ON DELETE CASCADE
);
2025-12-25 00:22:41.740 +02:00 [INF] Executed DbCommand (3ms) [Parameters=[], CommandType='"Text"', CommandTimeout='30']
CREATE INDEX [IX_Ingredients_MenuItemId] ON [Ingredients] ([MenuItemId]);
2025-12-25 00:22:41.741 +02:00 [INF] Executed DbCommand (1ms) [Parameters=[], CommandType='"Text"', CommandTimeout='30']
CREATE UNIQUE INDEX [IX_LoyaltyAccounts_UserId] ON [LoyaltyAccounts] ([UserId]);
2025-12-25 00:22:41.742 +02:00 [INF] Executed DbCommand (1ms) [Parameters=[], CommandType='"Text"', CommandTimeout='30']
CREATE INDEX [IX_OrderItems_OrderId] ON [OrderItems] ([OrderId]);
2025-12-25 00:22:41.746 +02:00 [INF] Executed DbCommand (3ms) [Parameters=[], CommandType='"Text"', CommandTimeout='30']
CREATE INDEX [IX_Orders_CustomerId] ON [Orders] ([CustomerId]);
2025-12-25 00:22:42.395 +02:00 [INF] Executed DbCommand (5ms) [Parameters=[], CommandType='"Text"', CommandTimeout='30']
CREATE INDEX [IX_Reservations_CustomerId] ON [Reservations] ([CustomerId]);
2025-12-25 00:22:42.399 +02:00 [INF] Executed DbCommand (4ms) [Parameters=[], CommandType='"Text"', CommandTimeout='30']
INSERT INTO [__EFMigrationsHistory] ([MigrationId], [ProductVersion])
VALUES (N'20251224222224_InitialMigration', N'8.0.0');
2025-12-25 00:22:55.155 +02:00 [WRN] No store type was specified for the decimal property 'Quantity' on entity type 'Ingredient'. This will cause values to be silently truncated if they do not fit in the default precision and scale. Explicitly specify the SQL server column type that can accommodate all the values in 'OnModelCreating' using 'HasColumnType', specify precision and scale using 'HasPrecision', or configure a value converter using 'HasConversion'.
2025-12-25 00:22:55.256 +02:00 [WRN] No store type was specified for the decimal property 'MinimumThreshold' on entity type 'InventoryItem'. This will cause values to be silently truncated if they do not fit in the default precision and scale. Explicitly specify the SQL server column type that can accommodate all the values in 'OnModelCreating' using 'HasColumnType', specify precision and scale using 'HasPrecision', or configure a value converter using 'HasConversion'.
2025-12-25 00:22:55.259 +02:00 [WRN] No store type was specified for the decimal property 'Quantity' on entity type 'InventoryItem'. This will cause values to be silently truncated if they do not fit in the default precision and scale. Explicitly specify the SQL server column type that can accommodate all the values in 'OnModelCreating' using 'HasColumnType', specify precision and scale using 'HasPrecision', or configure a value converter using 'HasConversion'.
2025-12-25 00:22:55.266 +02:00 [WRN] No store type was specified for the decimal property 'Price' on entity type 'MenuItem'. This will cause values to be silently truncated if they do not fit in the default precision and scale. Explicitly specify the SQL server column type that can accommodate all the values in 'OnModelCreating' using 'HasColumnType', specify precision and scale using 'HasPrecision', or configure a value converter using 'HasConversion'.
2025-12-25 00:22:55.270 +02:00 [WRN] No store type was specified for the decimal property 'TotalPrice' on entity type 'Order'. This will cause values to be silently truncated if they do not fit in the default precision and scale. Explicitly specify the SQL server column type that can accommodate all the values in 'OnModelCreating' using 'HasColumnType', specify precision and scale using 'HasPrecision', or configure a value converter using 'HasConversion'.
2025-12-25 00:22:55.273 +02:00 [WRN] No store type was specified for the decimal property 'UnitPrice' on entity type 'OrderItem'. This will cause values to be silently truncated if they do not fit in the default precision and scale. Explicitly specify the SQL server column type that can accommodate all the values in 'OnModelCreating' using 'HasColumnType', specify precision and scale using 'HasPrecision', or configure a value converter using 'HasConversion'.
2025-12-25 00:22:56.769 +02:00 [INF] Executed DbCommand (54ms) [Parameters=[], CommandType='"Text"', CommandTimeout='30']
SELECT CASE
    WHEN EXISTS (
        SELECT 1
        FROM [Users] AS [u]) THEN CAST(1 AS bit)
    ELSE CAST(0 AS bit)
END
2025-12-25 00:22:57.537 +02:00 [INF] Executed DbCommand (91ms) [Parameters=[@p0='?' (DbType = Guid), @p1='?' (Size = 4000), @p2='?' (Size = 4000), @p3='?' (Size = 4000), @p4='?' (DbType = Int32), @p5='?' (DbType = Guid), @p6='?' (Size = 4000), @p7='?' (Size = 4000), @p8='?' (Size = 4000), @p9='?' (DbType = Int32), @p10='?' (DbType = Guid), @p11='?' (Size = 4000), @p12='?' (Size = 4000), @p13='?' (Size = 4000), @p14='?' (DbType = Int32)], CommandType='"Text"', CommandTimeout='30']
SET IMPLICIT_TRANSACTIONS OFF;
SET NOCOUNT ON;
INSERT INTO [Users] ([Id], [Email], [ExternalId], [FullName], [Role])
VALUES (@p0, @p1, @p2, @p3, @p4),
(@p5, @p6, @p7, @p8, @p9),
(@p10, @p11, @p12, @p13, @p14);
2025-12-25 00:22:57.575 +02:00 [INF] Executed DbCommand (4ms) [Parameters=[], CommandType='"Text"', CommandTimeout='30']
SELECT CASE
    WHEN EXISTS (
        SELECT 1
        FROM [MenuItems] AS [m]) THEN CAST(1 AS bit)
    ELSE CAST(0 AS bit)
END
2025-12-25 00:22:57.873 +02:00 [INF] Executed DbCommand (44ms) [Parameters=[@p0='?' (DbType = Guid), @p1='?' (Size = 4000), @p2='?' (Size = 4000), @p3='?' (DbType = Boolean), @p4='?' (Size = 4000), @p5='?' (Precision = 18) (Scale = 2) (DbType = Decimal), @p6='?' (DbType = Guid), @p7='?' (Size = 4000), @p8='?' (Size = 4000), @p9='?' (DbType = Boolean), @p10='?' (Size = 4000), @p11='?' (Precision = 18) (Scale = 2) (DbType = Decimal), @p12='?' (DbType = Guid), @p13='?' (Size = 4000), @p14='?' (Size = 4000), @p15='?' (DbType = Boolean), @p16='?' (Size = 4000), @p17='?' (Precision = 18) (Scale = 2) (DbType = Decimal), @p18='?' (DbType = Guid), @p19='?' (Size = 4000), @p20='?' (Size = 4000), @p21='?' (DbType = Boolean), @p22='?' (Size = 4000), @p23='?' (Precision = 18) (Scale = 2) (DbType = Decimal), @p24='?' (DbType = Guid), @p25='?' (Size = 4000), @p26='?' (Size = 4000), @p27='?' (DbType = Boolean), @p28='?' (Size = 4000), @p29='?' (Precision = 18) (Scale = 2) (DbType = Decimal), @p30='?' (DbType = Guid), @p31='?' (Size = 4000), @p32='?' (Size = 4000), @p33='?' (DbType = Boolean), @p34='?' (Size = 4000), @p35='?' (Precision = 18) (Scale = 2) (DbType = Decimal), @p36='?' (DbType = Guid), @p37='?' (Size = 4000), @p38='?' (Size = 4000), @p39='?' (DbType = Boolean), @p40='?' (Size = 4000), @p41='?' (Precision = 18) (Scale = 2) (DbType = Decimal), @p42='?' (DbType = Guid), @p43='?' (Size = 4000), @p44='?' (Size = 4000), @p45='?' (DbType = Boolean), @p46='?' (Size = 4000), @p47='?' (Precision = 18) (Scale = 2) (DbType = Decimal), @p48='?' (DbType = Guid), @p49='?' (Size = 4000), @p50='?' (Size = 4000), @p51='?' (DbType = Boolean), @p52='?' (Size = 4000), @p53='?' (Precision = 18) (Scale = 2) (DbType = Decimal), @p54='?' (DbType = Guid), @p55='?' (DbType = Guid), @p56='?' (Size = 4000), @p57='?' (Precision = 18) (Scale = 2) (DbType = Decimal), @p58='?' (Size = 4000), @p59='?' (DbType = Guid), @p60='?' (DbType = Guid), @p61='?' (Size = 4000), @p62='?' (Precision = 18) (Scale = 2) (DbType = Decimal), @p63='?' (Size = 4000), @p64='?' (DbType = Guid), @p65='?' (DbType = Guid), @p66='?' (Size = 4000), @p67='?' (Precision = 18) (Scale = 2) (DbType = Decimal), @p68='?' (Size = 4000), @p69='?' (DbType = Guid), @p70='?' (DbType = Guid), @p71='?' (Size = 4000), @p72='?' (Precision = 18) (Scale = 2) (DbType = Decimal), @p73='?' (Size = 4000), @p74='?' (DbType = Guid), @p75='?' (DbType = Guid), @p76='?' (Size = 4000), @p77='?' (Precision = 18) (Scale = 2) (DbType = Decimal), @p78='?' (Size = 4000), @p79='?' (DbType = Guid), @p80='?' (DbType = Guid), @p81='?' (Size = 4000), @p82='?' (Precision = 18) (Scale = 2) (DbType = Decimal), @p83='?' (Size = 4000), @p84='?' (DbType = Guid), @p85='?' (DbType = Guid), @p86='?' (Size = 4000), @p87='?' (Precision = 18) (Scale = 2) (DbType = Decimal), @p88='?' (Size = 4000), @p89='?' (DbType = Guid), @p90='?' (DbType = Guid), @p91='?' (Size = 4000), @p92='?' (Precision = 18) (Scale = 2) (DbType = Decimal), @p93='?' (Size = 4000), @p94='?' (DbType = Guid), @p95='?' (DbType = Guid), @p96='?' (Size = 4000), @p97='?' (Precision = 18) (Scale = 2) (DbType = Decimal), @p98='?' (Size = 4000), @p99='?' (DbType = Guid), @p100='?' (DbType = Guid), @p101='?' (Size = 4000), @p102='?' (Precision = 18) (Scale = 2) (DbType = Decimal), @p103='?' (Size = 4000), @p104='?' (DbType = Guid), @p105='?' (DbType = Guid), @p106='?' (Size = 4000), @p107='?' (Precision = 18) (Scale = 2) (DbType = Decimal), @p108='?' (Size = 4000), @p109='?' (DbType = Guid), @p110='?' (DbType = Guid), @p111='?' (Size = 4000), @p112='?' (Precision = 18) (Scale = 2) (DbType = Decimal), @p113='?' (Size = 4000), @p114='?' (DbType = Guid), @p115='?' (DbType = Guid), @p116='?' (Size = 4000), @p117='?' (Precision = 18) (Scale = 2) (DbType = Decimal), @p118='?' (Size = 4000), @p119='?' (DbType = Guid), @p120='?' (DbType = Guid), @p121='?' (Size = 4000), @p122='?' (Precision = 18) (Scale = 2) (DbType = Decimal), @p123='?' (Size = 4000), @p124='?' (DbType = Guid), @p125='?' (DbType = Guid), @p126='?' (Size = 4000), @p127='?' (Precision = 18) (Scale = 2) (DbType = Decimal), @p128='?' (Size = 4000), @p129='?' (DbType = Guid), @p130='?' (DbType = Guid), @p131='?' (Size = 4000), @p132='?' (Precision = 18) (Scale = 2) (DbType = Decimal), @p133='?' (Size = 4000), @p134='?' (DbType = Guid), @p135='?' (DbType = Guid), @p136='?' (Size = 4000), @p137='?' (Precision = 18) (Scale = 2) (DbType = Decimal), @p138='?' (Size = 4000), @p139='?' (DbType = Guid), @p140='?' (DbType = Guid), @p141='?' (Size = 4000), @p142='?' (Precision = 18) (Scale = 2) (DbType = Decimal), @p143='?' (Size = 4000), @p144='?' (DbType = Guid), @p145='?' (DbType = Guid), @p146='?' (Size = 4000), @p147='?' (Precision = 18) (Scale = 2) (DbType = Decimal), @p148='?' (Size = 4000), @p149='?' (DbType = Guid), @p150='?' (DbType = Guid), @p151='?' (Size = 4000), @p152='?' (Precision = 18) (Scale = 2) (DbType = Decimal), @p153='?' (Size = 4000), @p154='?' (DbType = Guid), @p155='?' (DbType = Guid), @p156='?' (Size = 4000), @p157='?' (Precision = 18) (Scale = 2) (DbType = Decimal), @p158='?' (Size = 4000), @p159='?' (DbType = Guid), @p160='?' (DbType = Guid), @p161='?' (Size = 4000), @p162='?' (Precision = 18) (Scale = 2) (DbType = Decimal), @p163='?' (Size = 4000), @p164='?' (DbType = Guid), @p165='?' (DbType = Guid), @p166='?' (Size = 4000), @p167='?' (Precision = 18) (Scale = 2) (DbType = Decimal), @p168='?' (Size = 4000), @p169='?' (DbType = Guid), @p170='?' (DbType = Guid), @p171='?' (Size = 4000), @p172='?' (Precision = 18) (Scale = 2) (DbType = Decimal), @p173='?' (Size = 4000), @p174='?' (DbType = Guid), @p175='?' (DbType = Guid), @p176='?' (Size = 4000), @p177='?' (Precision = 18) (Scale = 2) (DbType = Decimal), @p178='?' (Size = 4000), @p179='?' (DbType = Guid), @p180='?' (DbType = Guid), @p181='?' (Size = 4000), @p182='?' (Precision = 18) (Scale = 2) (DbType = Decimal), @p183='?' (Size = 4000), @p184='?' (DbType = Guid), @p185='?' (DbType = Guid), @p186='?' (Size = 4000), @p187='?' (Precision = 18) (Scale = 2) (DbType = Decimal), @p188='?' (Size = 4000), @p189='?' (DbType = Guid), @p190='?' (DbType = Guid), @p191='?' (Size = 4000), @p192='?' (Precision = 18) (Scale = 2) (DbType = Decimal), @p193='?' (Size = 4000), @p194='?' (DbType = Guid), @p195='?' (DbType = Guid), @p196='?' (Size = 4000), @p197='?' (Precision = 18) (Scale = 2) (DbType = Decimal), @p198='?' (Size = 4000), @p199='?' (DbType = Guid), @p200='?' (DbType = Guid), @p201='?' (Size = 4000), @p202='?' (Precision = 18) (Scale = 2) (DbType = Decimal), @p203='?' (Size = 4000), @p204='?' (DbType = Guid), @p205='?' (DbType = Guid), @p206='?' (Size = 4000), @p207='?' (Precision = 18) (Scale = 2) (DbType = Decimal), @p208='?' (Size = 4000)], CommandType='"Text"', CommandTimeout='30']
SET NOCOUNT ON;
INSERT INTO [MenuItems] ([Id], [Description], [Image], [IsAvailable], [Name], [Price])
VALUES (@p0, @p1, @p2, @p3, @p4, @p5),
(@p6, @p7, @p8, @p9, @p10, @p11),
(@p12, @p13, @p14, @p15, @p16, @p17),
(@p18, @p19, @p20, @p21, @p22, @p23),
(@p24, @p25, @p26, @p27, @p28, @p29),
(@p30, @p31, @p32, @p33, @p34, @p35),
(@p36, @p37, @p38, @p39, @p40, @p41),
(@p42, @p43, @p44, @p45, @p46, @p47),
(@p48, @p49, @p50, @p51, @p52, @p53);
INSERT INTO [Ingredients] ([Id], [MenuItemId], [Name], [Quantity], [Unit])
VALUES (@p54, @p55, @p56, @p57, @p58),
(@p59, @p60, @p61, @p62, @p63),
(@p64, @p65, @p66, @p67, @p68),
(@p69, @p70, @p71, @p72, @p73),
(@p74, @p75, @p76, @p77, @p78),
(@p79, @p80, @p81, @p82, @p83),
(@p84, @p85, @p86, @p87, @p88),
(@p89, @p90, @p91, @p92, @p93),
(@p94, @p95, @p96, @p97, @p98),
(@p99, @p100, @p101, @p102, @p103),
(@p104, @p105, @p106, @p107, @p108),
(@p109, @p110, @p111, @p112, @p113),
(@p114, @p115, @p116, @p117, @p118),
(@p119, @p120, @p121, @p122, @p123),
(@p124, @p125, @p126, @p127, @p128),
(@p129, @p130, @p131, @p132, @p133),
(@p134, @p135, @p136, @p137, @p138),
(@p139, @p140, @p141, @p142, @p143),
(@p144, @p145, @p146, @p147, @p148),
(@p149, @p150, @p151, @p152, @p153),
(@p154, @p155, @p156, @p157, @p158),
(@p159, @p160, @p161, @p162, @p163),
(@p164, @p165, @p166, @p167, @p168),
(@p169, @p170, @p171, @p172, @p173),
(@p174, @p175, @p176, @p177, @p178),
(@p179, @p180, @p181, @p182, @p183),
(@p184, @p185, @p186, @p187, @p188),
(@p189, @p190, @p191, @p192, @p193),
(@p194, @p195, @p196, @p197, @p198),
(@p199, @p200, @p201, @p202, @p203),
(@p204, @p205, @p206, @p207, @p208);
2025-12-25 00:22:57.912 +02:00 [INF] Executed DbCommand (4ms) [Parameters=[], CommandType='"Text"', CommandTimeout='30']
SELECT CASE
    WHEN EXISTS (
        SELECT 1
        FROM [Ingredients] AS [i]) THEN CAST(1 AS bit)
    ELSE CAST(0 AS bit)
END
2025-12-25 00:22:57.932 +02:00 [INF] Executed DbCommand (5ms) [Parameters=[], CommandType='"Text"', CommandTimeout='30']
SELECT CASE
    WHEN EXISTS (
        SELECT 1
        FROM [InventoryItems] AS [i]) THEN CAST(1 AS bit)
    ELSE CAST(0 AS bit)
END
2025-12-25 00:22:58.044 +02:00 [INF] Executed DbCommand (12ms) [Parameters=[@p0='?' (DbType = Guid), @p1='?' (DbType = DateTime2), @p2='?' (Precision = 18) (Scale = 2) (DbType = Decimal), @p3='?' (Size = 4000), @p4='?' (Precision = 18) (Scale = 2) (DbType = Decimal), @p5='?' (Size = 4000), @p6='?' (DbType = Guid), @p7='?' (DbType = DateTime2), @p8='?' (Precision = 18) (Scale = 2) (DbType = Decimal), @p9='?' (Size = 4000), @p10='?' (Precision = 18) (Scale = 2) (DbType = Decimal), @p11='?' (Size = 4000), @p12='?' (DbType = Guid), @p13='?' (DbType = DateTime2), @p14='?' (Precision = 18) (Scale = 2) (DbType = Decimal), @p15='?' (Size = 4000), @p16='?' (Precision = 18) (Scale = 2) (DbType = Decimal), @p17='?' (Size = 4000), @p18='?' (DbType = Guid), @p19='?' (DbType = DateTime2), @p20='?' (Precision = 18) (Scale = 2) (DbType = Decimal), @p21='?' (Size = 4000), @p22='?' (Precision = 18) (Scale = 2) (DbType = Decimal), @p23='?' (Size = 4000), @p24='?' (DbType = Guid), @p25='?' (DbType = DateTime2), @p26='?' (Precision = 18) (Scale = 2) (DbType = Decimal), @p27='?' (Size = 4000), @p28='?' (Precision = 18) (Scale = 2) (DbType = Decimal), @p29='?' (Size = 4000), @p30='?' (DbType = Guid), @p31='?' (DbType = DateTime2), @p32='?' (Precision = 18) (Scale = 2) (DbType = Decimal), @p33='?' (Size = 4000), @p34='?' (Precision = 18) (Scale = 2) (DbType = Decimal), @p35='?' (Size = 4000), @p36='?' (DbType = Guid), @p37='?' (DbType = DateTime2), @p38='?' (Precision = 18) (Scale = 2) (DbType = Decimal), @p39='?' (Size = 4000), @p40='?' (Precision = 18) (Scale = 2) (DbType = Decimal), @p41='?' (Size = 4000), @p42='?' (DbType = Guid), @p43='?' (DbType = DateTime2), @p44='?' (Precision = 18) (Scale = 2) (DbType = Decimal), @p45='?' (Size = 4000), @p46='?' (Precision = 18) (Scale = 2) (DbType = Decimal), @p47='?' (Size = 4000), @p48='?' (DbType = Guid), @p49='?' (DbType = DateTime2), @p50='?' (Precision = 18) (Scale = 2) (DbType = Decimal), @p51='?' (Size = 4000), @p52='?' (Precision = 18) (Scale = 2) (DbType = Decimal), @p53='?' (Size = 4000), @p54='?' (DbType = Guid), @p55='?' (DbType = DateTime2), @p56='?' (Precision = 18) (Scale = 2) (DbType = Decimal), @p57='?' (Size = 4000), @p58='?' (Precision = 18) (Scale = 2) (DbType = Decimal), @p59='?' (Size = 4000)], CommandType='"Text"', CommandTimeout='30']
SET IMPLICIT_TRANSACTIONS OFF;
SET NOCOUNT ON;
INSERT INTO [InventoryItems] ([Id], [LastUpdated], [MinimumThreshold], [Name], [Quantity], [Unit])
VALUES (@p0, @p1, @p2, @p3, @p4, @p5),
(@p6, @p7, @p8, @p9, @p10, @p11),
(@p12, @p13, @p14, @p15, @p16, @p17),
(@p18, @p19, @p20, @p21, @p22, @p23),
(@p24, @p25, @p26, @p27, @p28, @p29),
(@p30, @p31, @p32, @p33, @p34, @p35),
(@p36, @p37, @p38, @p39, @p40, @p41),
(@p42, @p43, @p44, @p45, @p46, @p47),
(@p48, @p49, @p50, @p51, @p52, @p53),
(@p54, @p55, @p56, @p57, @p58, @p59);
2025-12-25 00:22:58.060 +02:00 [INF] Executed DbCommand (4ms) [Parameters=[], CommandType='"Text"', CommandTimeout='30']
SELECT CASE
    WHEN EXISTS (
        SELECT 1
        FROM [LoyaltyAccounts] AS [l]) THEN CAST(1 AS bit)
    ELSE CAST(0 AS bit)
END
2025-12-25 00:22:58.194 +02:00 [INF] Executed DbCommand (43ms) [Parameters=[@p0='?' (DbType = Guid), @p1='?' (DbType = Int32), @p2='?' (DbType = Int32), @p3='?' (DbType = Guid)], CommandType='"Text"', CommandTimeout='30']
SET IMPLICIT_TRANSACTIONS OFF;
SET NOCOUNT ON;
INSERT INTO [LoyaltyAccounts] ([Id], [Points], [Tier], [UserId])
VALUES (@p0, @p1, @p2, @p3);
2025-12-25 00:22:58.216 +02:00 [INF] Executed DbCommand (5ms) [Parameters=[], CommandType='"Text"', CommandTimeout='30']
SELECT CASE
    WHEN EXISTS (
        SELECT 1
        FROM [Reservations] AS [r]) THEN CAST(1 AS bit)
    ELSE CAST(0 AS bit)
END
2025-12-25 00:22:58.325 +02:00 [INF] Executed DbCommand (8ms) [Parameters=[@p0='?' (DbType = Guid), @p1='?' (DbType = Guid), @p2='?' (DbType = Int32), @p3='?' (DbType = DateTime2), @p4='?' (DbType = Int32)], CommandType='"Text"', CommandTimeout='30']
SET IMPLICIT_TRANSACTIONS OFF;
SET NOCOUNT ON;
INSERT INTO [Reservations] ([Id], [CustomerId], [Guests], [ReservationTime], [Status])
VALUES (@p0, @p1, @p2, @p3, @p4);
2025-12-25 00:22:58.531 +02:00 [INF] No action descriptors found. This may indicate an incorrectly configured application or missing application parts. To learn more, visit https://aka.ms/aspnet/mvc/app-parts
2025-12-25 00:22:58.987 +02:00 [INF] Now listening on: https://localhost:7252
2025-12-25 00:22:58.991 +02:00 [INF] Now listening on: http://localhost:5296
2025-12-25 00:22:59.074 +02:00 [INF] Application started. Press Ctrl+C to shut down.
2025-12-25 00:22:59.077 +02:00 [INF] Hosting environment: Development
2025-12-25 00:22:59.080 +02:00 [INF] Content root path: C:\Users\User\source\repos\SmartRestaurant\SmartRestaurant.API
2025-12-25 00:22:59.881 +02:00 [INF] Request starting HTTP/2 GET https://localhost:7252/_framework/aspnetcore-browser-refresh.js - null null
2025-12-25 00:22:59.881 +02:00 [INF] Request starting HTTP/2 GET https://localhost:7252/_vs/browserLink - null null
2025-12-25 00:22:59.958 +02:00 [INF] Request finished HTTP/2 GET https://localhost:7252/_framework/aspnetcore-browser-refresh.js - 200 16523 application/javascript; charset=utf-8 95.9443ms
2025-12-25 00:23:00.050 +02:00 [INF] Request finished HTTP/2 GET https://localhost:7252/_vs/browserLink - 200 null text/javascript; charset=UTF-8 189.658ms
2025-12-25 00:23:00.104 +02:00 [INF] Request starting HTTP/2 GET https://localhost:7252/swagger/v1/swagger.json - null null
2025-12-25 00:23:00.163 +02:00 [INF] Request finished HTTP/2 GET https://localhost:7252/swagger/v1/swagger.json - 200 null application/json;charset=utf-8 60.0842ms
2025-12-25 17:44:27.383 +02:00 [WRN] No store type was specified for the decimal property 'Quantity' on entity type 'Ingredient'. This will cause values to be silently truncated if they do not fit in the default precision and scale. Explicitly specify the SQL server column type that can accommodate all the values in 'OnModelCreating' using 'HasColumnType', specify precision and scale using 'HasPrecision', or configure a value converter using 'HasConversion'.
2025-12-25 17:44:27.455 +02:00 [WRN] No store type was specified for the decimal property 'MinimumThreshold' on entity type 'InventoryItem'. This will cause values to be silently truncated if they do not fit in the default precision and scale. Explicitly specify the SQL server column type that can accommodate all the values in 'OnModelCreating' using 'HasColumnType', specify precision and scale using 'HasPrecision', or configure a value converter using 'HasConversion'.
2025-12-25 17:44:27.456 +02:00 [WRN] No store type was specified for the decimal property 'Quantity' on entity type 'InventoryItem'. This will cause values to be silently truncated if they do not fit in the default precision and scale. Explicitly specify the SQL server column type that can accommodate all the values in 'OnModelCreating' using 'HasColumnType', specify precision and scale using 'HasPrecision', or configure a value converter using 'HasConversion'.
2025-12-25 17:44:27.458 +02:00 [WRN] No store type was specified for the decimal property 'Price' on entity type 'MenuItem'. This will cause values to be silently truncated if they do not fit in the default precision and scale. Explicitly specify the SQL server column type that can accommodate all the values in 'OnModelCreating' using 'HasColumnType', specify precision and scale using 'HasPrecision', or configure a value converter using 'HasConversion'.
2025-12-25 17:44:27.459 +02:00 [WRN] No store type was specified for the decimal property 'TotalPrice' on entity type 'Order'. This will cause values to be silently truncated if they do not fit in the default precision and scale. Explicitly specify the SQL server column type that can accommodate all the values in 'OnModelCreating' using 'HasColumnType', specify precision and scale using 'HasPrecision', or configure a value converter using 'HasConversion'.
2025-12-25 17:44:27.460 +02:00 [WRN] No store type was specified for the decimal property 'UnitPrice' on entity type 'OrderItem'. This will cause values to be silently truncated if they do not fit in the default precision and scale. Explicitly specify the SQL server column type that can accommodate all the values in 'OnModelCreating' using 'HasColumnType', specify precision and scale using 'HasPrecision', or configure a value converter using 'HasConversion'.
2025-12-25 17:44:28.777 +02:00 [INF] Executed DbCommand (74ms) [Parameters=[], CommandType='"Text"', CommandTimeout='30']
SELECT CASE
    WHEN EXISTS (
        SELECT 1
        FROM [MenuItems] AS [m]) THEN CAST(1 AS bit)
    ELSE CAST(0 AS bit)
END
2025-12-25 17:44:29.654 +02:00 [INF] Executed DbCommand (178ms) [Parameters=[@p0='?' (DbType = Guid), @p1='?' (Size = 4000), @p2='?' (Size = 4000), @p3='?' (DbType = Boolean), @p4='?' (Size = 4000), @p5='?' (Precision = 18) (Scale = 2) (DbType = Decimal), @p6='?' (DbType = Guid), @p7='?' (Size = 4000), @p8='?' (Size = 4000), @p9='?' (DbType = Boolean), @p10='?' (Size = 4000), @p11='?' (Precision = 18) (Scale = 2) (DbType = Decimal), @p12='?' (DbType = Guid), @p13='?' (Size = 4000), @p14='?' (Size = 4000), @p15='?' (DbType = Boolean), @p16='?' (Size = 4000), @p17='?' (Precision = 18) (Scale = 2) (DbType = Decimal), @p18='?' (DbType = Guid), @p19='?' (Size = 4000), @p20='?' (Size = 4000), @p21='?' (DbType = Boolean), @p22='?' (Size = 4000), @p23='?' (Precision = 18) (Scale = 2) (DbType = Decimal), @p24='?' (DbType = Guid), @p25='?' (Size = 4000), @p26='?' (Size = 4000), @p27='?' (DbType = Boolean), @p28='?' (Size = 4000), @p29='?' (Precision = 18) (Scale = 2) (DbType = Decimal), @p30='?' (DbType = Guid), @p31='?' (Size = 4000), @p32='?' (Size = 4000), @p33='?' (DbType = Boolean), @p34='?' (Size = 4000), @p35='?' (Precision = 18) (Scale = 2) (DbType = Decimal), @p36='?' (DbType = Guid), @p37='?' (Size = 4000), @p38='?' (Size = 4000), @p39='?' (DbType = Boolean), @p40='?' (Size = 4000), @p41='?' (Precision = 18) (Scale = 2) (DbType = Decimal), @p42='?' (DbType = Guid), @p43='?' (Size = 4000), @p44='?' (Size = 4000), @p45='?' (DbType = Boolean), @p46='?' (Size = 4000), @p47='?' (Precision = 18) (Scale = 2) (DbType = Decimal), @p48='?' (DbType = Guid), @p49='?' (Size = 4000), @p50='?' (Size = 4000), @p51='?' (DbType = Boolean), @p52='?' (Size = 4000), @p53='?' (Precision = 18) (Scale = 2) (DbType = Decimal), @p54='?' (DbType = Guid), @p55='?' (DbType = Guid), @p56='?' (Size = 4000), @p57='?' (Precision = 18) (Scale = 2) (DbType = Decimal), @p58='?' (Size = 4000), @p59='?' (DbType = Guid), @p60='?' (DbType = Guid), @p61='?' (Size = 4000), @p62='?' (Precision = 18) (Scale = 2) (DbType = Decimal), @p63='?' (Size = 4000), @p64='?' (DbType = Guid), @p65='?' (DbType = Guid), @p66='?' (Size = 4000), @p67='?' (Precision = 18) (Scale = 2) (DbType = Decimal), @p68='?' (Size = 4000), @p69='?' (DbType = Guid), @p70='?' (DbType = Guid), @p71='?' (Size = 4000), @p72='?' (Precision = 18) (Scale = 2) (DbType = Decimal), @p73='?' (Size = 4000), @p74='?' (DbType = Guid), @p75='?' (DbType = Guid), @p76='?' (Size = 4000), @p77='?' (Precision = 18) (Scale = 2) (DbType = Decimal), @p78='?' (Size = 4000), @p79='?' (DbType = Guid), @p80='?' (DbType = Guid), @p81='?' (Size = 4000), @p82='?' (Precision = 18) (Scale = 2) (DbType = Decimal), @p83='?' (Size = 4000), @p84='?' (DbType = Guid), @p85='?' (DbType = Guid), @p86='?' (Size = 4000), @p87='?' (Precision = 18) (Scale = 2) (DbType = Decimal), @p88='?' (Size = 4000), @p89='?' (DbType = Guid), @p90='?' (DbType = Guid), @p91='?' (Size = 4000), @p92='?' (Precision = 18) (Scale = 2) (DbType = Decimal), @p93='?' (Size = 4000), @p94='?' (DbType = Guid), @p95='?' (DbType = Guid), @p96='?' (Size = 4000), @p97='?' (Precision = 18) (Scale = 2) (DbType = Decimal), @p98='?' (Size = 4000), @p99='?' (DbType = Guid), @p100='?' (DbType = Guid), @p101='?' (Size = 4000), @p102='?' (Precision = 18) (Scale = 2) (DbType = Decimal), @p103='?' (Size = 4000), @p104='?' (DbType = Guid), @p105='?' (DbType = Guid), @p106='?' (Size = 4000), @p107='?' (Precision = 18) (Scale = 2) (DbType = Decimal), @p108='?' (Size = 4000), @p109='?' (DbType = Guid), @p110='?' (DbType = Guid), @p111='?' (Size = 4000), @p112='?' (Precision = 18) (Scale = 2) (DbType = Decimal), @p113='?' (Size = 4000), @p114='?' (DbType = Guid), @p115='?' (DbType = Guid), @p116='?' (Size = 4000), @p117='?' (Precision = 18) (Scale = 2) (DbType = Decimal), @p118='?' (Size = 4000), @p119='?' (DbType = Guid), @p120='?' (DbType = Guid), @p121='?' (Size = 4000), @p122='?' (Precision = 18) (Scale = 2) (DbType = Decimal), @p123='?' (Size = 4000), @p124='?' (DbType = Guid), @p125='?' (DbType = Guid), @p126='?' (Size = 4000), @p127='?' (Precision = 18) (Scale = 2) (DbType = Decimal), @p128='?' (Size = 4000), @p129='?' (DbType = Guid), @p130='?' (DbType = Guid), @p131='?' (Size = 4000), @p132='?' (Precision = 18) (Scale = 2) (DbType = Decimal), @p133='?' (Size = 4000), @p134='?' (DbType = Guid), @p135='?' (DbType = Guid), @p136='?' (Size = 4000), @p137='?' (Precision = 18) (Scale = 2) (DbType = Decimal), @p138='?' (Size = 4000), @p139='?' (DbType = Guid), @p140='?' (DbType = Guid), @p141='?' (Size = 4000), @p142='?' (Precision = 18) (Scale = 2) (DbType = Decimal), @p143='?' (Size = 4000), @p144='?' (DbType = Guid), @p145='?' (DbType = Guid), @p146='?' (Size = 4000), @p147='?' (Precision = 18) (Scale = 2) (DbType = Decimal), @p148='?' (Size = 4000), @p149='?' (DbType = Guid), @p150='?' (DbType = Guid), @p151='?' (Size = 4000), @p152='?' (Precision = 18) (Scale = 2) (DbType = Decimal), @p153='?' (Size = 4000), @p154='?' (DbType = Guid), @p155='?' (DbType = Guid), @p156='?' (Size = 4000), @p157='?' (Precision = 18) (Scale = 2) (DbType = Decimal), @p158='?' (Size = 4000), @p159='?' (DbType = Guid), @p160='?' (DbType = Guid), @p161='?' (Size = 4000), @p162='?' (Precision = 18) (Scale = 2) (DbType = Decimal), @p163='?' (Size = 4000), @p164='?' (DbType = Guid), @p165='?' (DbType = Guid), @p166='?' (Size = 4000), @p167='?' (Precision = 18) (Scale = 2) (DbType = Decimal), @p168='?' (Size = 4000), @p169='?' (DbType = Guid), @p170='?' (DbType = Guid), @p171='?' (Size = 4000), @p172='?' (Precision = 18) (Scale = 2) (DbType = Decimal), @p173='?' (Size = 4000), @p174='?' (DbType = Guid), @p175='?' (DbType = Guid), @p176='?' (Size = 4000), @p177='?' (Precision = 18) (Scale = 2) (DbType = Decimal), @p178='?' (Size = 4000), @p179='?' (DbType = Guid), @p180='?' (DbType = Guid), @p181='?' (Size = 4000), @p182='?' (Precision = 18) (Scale = 2) (DbType = Decimal), @p183='?' (Size = 4000), @p184='?' (DbType = Guid), @p185='?' (DbType = Guid), @p186='?' (Size = 4000), @p187='?' (Precision = 18) (Scale = 2) (DbType = Decimal), @p188='?' (Size = 4000), @p189='?' (DbType = Guid), @p190='?' (DbType = Guid), @p191='?' (Size = 4000), @p192='?' (Precision = 18) (Scale = 2) (DbType = Decimal), @p193='?' (Size = 4000), @p194='?' (DbType = Guid), @p195='?' (DbType = Guid), @p196='?' (Size = 4000), @p197='?' (Precision = 18) (Scale = 2) (DbType = Decimal), @p198='?' (Size = 4000), @p199='?' (DbType = Guid), @p200='?' (DbType = Guid), @p201='?' (Size = 4000), @p202='?' (Precision = 18) (Scale = 2) (DbType = Decimal), @p203='?' (Size = 4000), @p204='?' (DbType = Guid), @p205='?' (DbType = Guid), @p206='?' (Size = 4000), @p207='?' (Precision = 18) (Scale = 2) (DbType = Decimal), @p208='?' (Size = 4000)], CommandType='"Text"', CommandTimeout='30']
SET NOCOUNT ON;
INSERT INTO [MenuItems] ([Id], [Description], [Image], [IsAvailable], [Name], [Price])
VALUES (@p0, @p1, @p2, @p3, @p4, @p5),
(@p6, @p7, @p8, @p9, @p10, @p11),
(@p12, @p13, @p14, @p15, @p16, @p17),
(@p18, @p19, @p20, @p21, @p22, @p23),
(@p24, @p25, @p26, @p27, @p28, @p29),
(@p30, @p31, @p32, @p33, @p34, @p35),
(@p36, @p37, @p38, @p39, @p40, @p41),
(@p42, @p43, @p44, @p45, @p46, @p47),
(@p48, @p49, @p50, @p51, @p52, @p53);
INSERT INTO [Ingredients] ([Id], [MenuItemId], [Name], [Quantity], [Unit])
VALUES (@p54, @p55, @p56, @p57, @p58),
(@p59, @p60, @p61, @p62, @p63),
(@p64, @p65, @p66, @p67, @p68),
(@p69, @p70, @p71, @p72, @p73),
(@p74, @p75, @p76, @p77, @p78),
(@p79, @p80, @p81, @p82, @p83),
(@p84, @p85, @p86, @p87, @p88),
(@p89, @p90, @p91, @p92, @p93),
(@p94, @p95, @p96, @p97, @p98),
(@p99, @p100, @p101, @p102, @p103),
(@p104, @p105, @p106, @p107, @p108),
(@p109, @p110, @p111, @p112, @p113),
(@p114, @p115, @p116, @p117, @p118),
(@p119, @p120, @p121, @p122, @p123),
(@p124, @p125, @p126, @p127, @p128),
(@p129, @p130, @p131, @p132, @p133),
(@p134, @p135, @p136, @p137, @p138),
(@p139, @p140, @p141, @p142, @p143),
(@p144, @p145, @p146, @p147, @p148),
(@p149, @p150, @p151, @p152, @p153),
(@p154, @p155, @p156, @p157, @p158),
(@p159, @p160, @p161, @p162, @p163),
(@p164, @p165, @p166, @p167, @p168),
(@p169, @p170, @p171, @p172, @p173),
(@p174, @p175, @p176, @p177, @p178),
(@p179, @p180, @p181, @p182, @p183),
(@p184, @p185, @p186, @p187, @p188),
(@p189, @p190, @p191, @p192, @p193),
(@p194, @p195, @p196, @p197, @p198),
(@p199, @p200, @p201, @p202, @p203),
(@p204, @p205, @p206, @p207, @p208);
2025-12-25 17:44:29.698 +02:00 [INF] Executed DbCommand (6ms) [Parameters=[], CommandType='"Text"', CommandTimeout='30']
SELECT CASE
    WHEN EXISTS (
        SELECT 1
        FROM [Ingredients] AS [i]) THEN CAST(1 AS bit)
    ELSE CAST(0 AS bit)
END
2025-12-25 17:44:29.712 +02:00 [INF] Executed DbCommand (4ms) [Parameters=[], CommandType='"Text"', CommandTimeout='30']
SELECT CASE
    WHEN EXISTS (
        SELECT 1
        FROM [InventoryItems] AS [i]) THEN CAST(1 AS bit)
    ELSE CAST(0 AS bit)
END
2025-12-25 17:44:29.804 +02:00 [INF] Executed DbCommand (14ms) [Parameters=[@p0='?' (DbType = Guid), @p1='?' (DbType = DateTime2), @p2='?' (Precision = 18) (Scale = 2) (DbType = Decimal), @p3='?' (Size = 4000), @p4='?' (Precision = 18) (Scale = 2) (DbType = Decimal), @p5='?' (Size = 4000), @p6='?' (DbType = Guid), @p7='?' (DbType = DateTime2), @p8='?' (Precision = 18) (Scale = 2) (DbType = Decimal), @p9='?' (Size = 4000), @p10='?' (Precision = 18) (Scale = 2) (DbType = Decimal), @p11='?' (Size = 4000), @p12='?' (DbType = Guid), @p13='?' (DbType = DateTime2), @p14='?' (Precision = 18) (Scale = 2) (DbType = Decimal), @p15='?' (Size = 4000), @p16='?' (Precision = 18) (Scale = 2) (DbType = Decimal), @p17='?' (Size = 4000), @p18='?' (DbType = Guid), @p19='?' (DbType = DateTime2), @p20='?' (Precision = 18) (Scale = 2) (DbType = Decimal), @p21='?' (Size = 4000), @p22='?' (Precision = 18) (Scale = 2) (DbType = Decimal), @p23='?' (Size = 4000), @p24='?' (DbType = Guid), @p25='?' (DbType = DateTime2), @p26='?' (Precision = 18) (Scale = 2) (DbType = Decimal), @p27='?' (Size = 4000), @p28='?' (Precision = 18) (Scale = 2) (DbType = Decimal), @p29='?' (Size = 4000), @p30='?' (DbType = Guid), @p31='?' (DbType = DateTime2), @p32='?' (Precision = 18) (Scale = 2) (DbType = Decimal), @p33='?' (Size = 4000), @p34='?' (Precision = 18) (Scale = 2) (DbType = Decimal), @p35='?' (Size = 4000), @p36='?' (DbType = Guid), @p37='?' (DbType = DateTime2), @p38='?' (Precision = 18) (Scale = 2) (DbType = Decimal), @p39='?' (Size = 4000), @p40='?' (Precision = 18) (Scale = 2) (DbType = Decimal), @p41='?' (Size = 4000), @p42='?' (DbType = Guid), @p43='?' (DbType = DateTime2), @p44='?' (Precision = 18) (Scale = 2) (DbType = Decimal), @p45='?' (Size = 4000), @p46='?' (Precision = 18) (Scale = 2) (DbType = Decimal), @p47='?' (Size = 4000), @p48='?' (DbType = Guid), @p49='?' (DbType = DateTime2), @p50='?' (Precision = 18) (Scale = 2) (DbType = Decimal), @p51='?' (Size = 4000), @p52='?' (Precision = 18) (Scale = 2) (DbType = Decimal), @p53='?' (Size = 4000), @p54='?' (DbType = Guid), @p55='?' (DbType = DateTime2), @p56='?' (Precision = 18) (Scale = 2) (DbType = Decimal), @p57='?' (Size = 4000), @p58='?' (Precision = 18) (Scale = 2) (DbType = Decimal), @p59='?' (Size = 4000)], CommandType='"Text"', CommandTimeout='30']
SET IMPLICIT_TRANSACTIONS OFF;
SET NOCOUNT ON;
INSERT INTO [InventoryItems] ([Id], [LastUpdated], [MinimumThreshold], [Name], [Quantity], [Unit])
VALUES (@p0, @p1, @p2, @p3, @p4, @p5),
(@p6, @p7, @p8, @p9, @p10, @p11),
(@p12, @p13, @p14, @p15, @p16, @p17),
(@p18, @p19, @p20, @p21, @p22, @p23),
(@p24, @p25, @p26, @p27, @p28, @p29),
(@p30, @p31, @p32, @p33, @p34, @p35),
(@p36, @p37, @p38, @p39, @p40, @p41),
(@p42, @p43, @p44, @p45, @p46, @p47),
(@p48, @p49, @p50, @p51, @p52, @p53),
(@p54, @p55, @p56, @p57, @p58, @p59);
2025-12-25 17:44:29.821 +02:00 [INF] Executed DbCommand (8ms) [Parameters=[], CommandType='"Text"', CommandTimeout='30']
SELECT CASE
    WHEN EXISTS (
        SELECT 1
        FROM [LoyaltyAccounts] AS [l]) THEN CAST(1 AS bit)
    ELSE CAST(0 AS bit)
END
2025-12-25 17:44:29.966 +02:00 [ERR] Failed executing DbCommand (32ms) [Parameters=[@p0='?' (DbType = Guid), @p1='?' (DbType = Int32), @p2='?' (DbType = Int32), @p3='?' (DbType = Guid)], CommandType='"Text"', CommandTimeout='30']
SET IMPLICIT_TRANSACTIONS OFF;
SET NOCOUNT ON;
INSERT INTO [LoyaltyAccounts] ([Id], [Points], [Tier], [UserId])
VALUES (@p0, @p1, @p2, @p3);
2025-12-25 17:44:30.104 +02:00 [ERR] An exception occurred in the database while saving changes for context type 'SmartRestaurant.Infrastructure.Context.AppDbContext'.
Microsoft.EntityFrameworkCore.DbUpdateException: An error occurred while saving the entity changes. See the inner exception for details.
 ---> Microsoft.Data.SqlClient.SqlException (0x80131904): The INSERT statement conflicted with the FOREIGN KEY constraint "FK_LoyaltyAccounts_Users_UserId". The conflict occurred in database "SmartRestaurant", table "dbo.Users", column 'Id'.
The statement has been terminated.
   at Microsoft.Data.SqlClient.SqlCommand.<>c.<ExecuteDbDataReaderAsync>b__209_0(Task`1 result)
   at System.Threading.Tasks.ContinuationResultTaskFromResultTask`2.InnerInvoke()
   at System.Threading.ExecutionContext.RunInternal(ExecutionContext executionContext, ContextCallback callback, Object state)
--- End of stack trace from previous location ---
   at System.Threading.ExecutionContext.RunInternal(ExecutionContext executionContext, ContextCallback callback, Object state)
   at System.Threading.Tasks.Task.ExecuteWithThreadLocal(Task& currentTaskSlot, Thread threadPoolThread)
--- End of stack trace from previous location ---
   at Microsoft.EntityFrameworkCore.Storage.RelationalCommand.ExecuteReaderAsync(RelationalCommandParameterObject parameterObject, CancellationToken cancellationToken)
   at Microsoft.EntityFrameworkCore.Storage.RelationalCommand.ExecuteReaderAsync(RelationalCommandParameterObject parameterObject, CancellationToken cancellationToken)
   at Microsoft.EntityFrameworkCore.Update.ReaderModificationCommandBatch.ExecuteAsync(IRelationalConnection connection, CancellationToken cancellationToken)
ClientConnectionId:d91e32a3-f0a9-4bc3-a31c-91aa41241b6e
Error Number:547,State:0,Class:16
   --- End of inner exception stack trace ---
   at Microsoft.EntityFrameworkCore.Update.ReaderModificationCommandBatch.ExecuteAsync(IRelationalConnection connection, CancellationToken cancellationToken)
   at Microsoft.EntityFrameworkCore.SqlServer.Update.Internal.SqlServerModificationCommandBatch.ExecuteAsync(IRelationalConnection connection, CancellationToken cancellationToken)
   at Microsoft.EntityFrameworkCore.Update.Internal.BatchExecutor.ExecuteAsync(IEnumerable`1 commandBatches, IRelationalConnection connection, CancellationToken cancellationToken)
   at Microsoft.EntityFrameworkCore.Update.Internal.BatchExecutor.ExecuteAsync(IEnumerable`1 commandBatches, IRelationalConnection connection, CancellationToken cancellationToken)
   at Microsoft.EntityFrameworkCore.Update.Internal.BatchExecutor.ExecuteAsync(IEnumerable`1 commandBatches, IRelationalConnection connection, CancellationToken cancellationToken)
   at Microsoft.EntityFrameworkCore.ChangeTracking.Internal.StateManager.SaveChangesAsync(IList`1 entriesToSave, CancellationToken cancellationToken)
   at Microsoft.EntityFrameworkCore.ChangeTracking.Internal.StateManager.SaveChangesAsync(StateManager stateManager, Boolean acceptAllChangesOnSuccess, CancellationToken cancellationToken)
   at Microsoft.EntityFrameworkCore.SqlServer.Storage.Internal.SqlServerExecutionStrategy.ExecuteAsync[TState,TResult](TState state, Func`4 operation, Func`4 verifySucceeded, CancellationToken cancellationToken)
   at Microsoft.EntityFrameworkCore.DbContext.SaveChangesAsync(Boolean acceptAllChangesOnSuccess, CancellationToken cancellationToken)
Microsoft.EntityFrameworkCore.DbUpdateException: An error occurred while saving the entity changes. See the inner exception for details.
 ---> Microsoft.Data.SqlClient.SqlException (0x80131904): The INSERT statement conflicted with the FOREIGN KEY constraint "FK_LoyaltyAccounts_Users_UserId". The conflict occurred in database "SmartRestaurant", table "dbo.Users", column 'Id'.
The statement has been terminated.
   at Microsoft.Data.SqlClient.SqlCommand.<>c.<ExecuteDbDataReaderAsync>b__209_0(Task`1 result)
   at System.Threading.Tasks.ContinuationResultTaskFromResultTask`2.InnerInvoke()
   at System.Threading.ExecutionContext.RunInternal(ExecutionContext executionContext, ContextCallback callback, Object state)
--- End of stack trace from previous location ---
   at System.Threading.ExecutionContext.RunInternal(ExecutionContext executionContext, ContextCallback callback, Object state)
   at System.Threading.Tasks.Task.ExecuteWithThreadLocal(Task& currentTaskSlot, Thread threadPoolThread)
--- End of stack trace from previous location ---
   at Microsoft.EntityFrameworkCore.Storage.RelationalCommand.ExecuteReaderAsync(RelationalCommandParameterObject parameterObject, CancellationToken cancellationToken)
   at Microsoft.EntityFrameworkCore.Storage.RelationalCommand.ExecuteReaderAsync(RelationalCommandParameterObject parameterObject, CancellationToken cancellationToken)
   at Microsoft.EntityFrameworkCore.Update.ReaderModificationCommandBatch.ExecuteAsync(IRelationalConnection connection, CancellationToken cancellationToken)
ClientConnectionId:d91e32a3-f0a9-4bc3-a31c-91aa41241b6e
Error Number:547,State:0,Class:16
   --- End of inner exception stack trace ---
   at Microsoft.EntityFrameworkCore.Update.ReaderModificationCommandBatch.ExecuteAsync(IRelationalConnection connection, CancellationToken cancellationToken)
   at Microsoft.EntityFrameworkCore.SqlServer.Update.Internal.SqlServerModificationCommandBatch.ExecuteAsync(IRelationalConnection connection, CancellationToken cancellationToken)
   at Microsoft.EntityFrameworkCore.Update.Internal.BatchExecutor.ExecuteAsync(IEnumerable`1 commandBatches, IRelationalConnection connection, CancellationToken cancellationToken)
   at Microsoft.EntityFrameworkCore.Update.Internal.BatchExecutor.ExecuteAsync(IEnumerable`1 commandBatches, IRelationalConnection connection, CancellationToken cancellationToken)
   at Microsoft.EntityFrameworkCore.Update.Internal.BatchExecutor.ExecuteAsync(IEnumerable`1 commandBatches, IRelationalConnection connection, CancellationToken cancellationToken)
   at Microsoft.EntityFrameworkCore.ChangeTracking.Internal.StateManager.SaveChangesAsync(IList`1 entriesToSave, CancellationToken cancellationToken)
   at Microsoft.EntityFrameworkCore.ChangeTracking.Internal.StateManager.SaveChangesAsync(StateManager stateManager, Boolean acceptAllChangesOnSuccess, CancellationToken cancellationToken)
   at Microsoft.EntityFrameworkCore.SqlServer.Storage.Internal.SqlServerExecutionStrategy.ExecuteAsync[TState,TResult](TState state, Func`4 operation, Func`4 verifySucceeded, CancellationToken cancellationToken)
   at Microsoft.EntityFrameworkCore.DbContext.SaveChangesAsync(Boolean acceptAllChangesOnSuccess, CancellationToken cancellationToken)
2025-12-25 17:49:48.757 +02:00 [WRN] No store type was specified for the decimal property 'Quantity' on entity type 'Ingredient'. This will cause values to be silently truncated if they do not fit in the default precision and scale. Explicitly specify the SQL server column type that can accommodate all the values in 'OnModelCreating' using 'HasColumnType', specify precision and scale using 'HasPrecision', or configure a value converter using 'HasConversion'.
2025-12-25 17:49:48.858 +02:00 [WRN] No store type was specified for the decimal property 'MinimumThreshold' on entity type 'InventoryItem'. This will cause values to be silently truncated if they do not fit in the default precision and scale. Explicitly specify the SQL server column type that can accommodate all the values in 'OnModelCreating' using 'HasColumnType', specify precision and scale using 'HasPrecision', or configure a value converter using 'HasConversion'.
2025-12-25 17:49:48.859 +02:00 [WRN] No store type was specified for the decimal property 'Quantity' on entity type 'InventoryItem'. This will cause values to be silently truncated if they do not fit in the default precision and scale. Explicitly specify the SQL server column type that can accommodate all the values in 'OnModelCreating' using 'HasColumnType', specify precision and scale using 'HasPrecision', or configure a value converter using 'HasConversion'.
2025-12-25 17:49:48.859 +02:00 [WRN] No store type was specified for the decimal property 'Price' on entity type 'MenuItem'. This will cause values to be silently truncated if they do not fit in the default precision and scale. Explicitly specify the SQL server column type that can accommodate all the values in 'OnModelCreating' using 'HasColumnType', specify precision and scale using 'HasPrecision', or configure a value converter using 'HasConversion'.
2025-12-25 17:49:48.859 +02:00 [WRN] No store type was specified for the decimal property 'TotalPrice' on entity type 'Order'. This will cause values to be silently truncated if they do not fit in the default precision and scale. Explicitly specify the SQL server column type that can accommodate all the values in 'OnModelCreating' using 'HasColumnType', specify precision and scale using 'HasPrecision', or configure a value converter using 'HasConversion'.
2025-12-25 17:49:48.859 +02:00 [WRN] No store type was specified for the decimal property 'UnitPrice' on entity type 'OrderItem'. This will cause values to be silently truncated if they do not fit in the default precision and scale. Explicitly specify the SQL server column type that can accommodate all the values in 'OnModelCreating' using 'HasColumnType', specify precision and scale using 'HasPrecision', or configure a value converter using 'HasConversion'.
2025-12-25 17:49:49.149 +02:00 [WRN] No store type was specified for the decimal property 'Quantity' on entity type 'Ingredient'. This will cause values to be silently truncated if they do not fit in the default precision and scale. Explicitly specify the SQL server column type that can accommodate all the values in 'OnModelCreating' using 'HasColumnType', specify precision and scale using 'HasPrecision', or configure a value converter using 'HasConversion'.
2025-12-25 17:49:49.149 +02:00 [WRN] No store type was specified for the decimal property 'MinimumThreshold' on entity type 'InventoryItem'. This will cause values to be silently truncated if they do not fit in the default precision and scale. Explicitly specify the SQL server column type that can accommodate all the values in 'OnModelCreating' using 'HasColumnType', specify precision and scale using 'HasPrecision', or configure a value converter using 'HasConversion'.
2025-12-25 17:49:49.149 +02:00 [WRN] No store type was specified for the decimal property 'Quantity' on entity type 'InventoryItem'. This will cause values to be silently truncated if they do not fit in the default precision and scale. Explicitly specify the SQL server column type that can accommodate all the values in 'OnModelCreating' using 'HasColumnType', specify precision and scale using 'HasPrecision', or configure a value converter using 'HasConversion'.
2025-12-25 17:49:49.149 +02:00 [WRN] No store type was specified for the decimal property 'Price' on entity type 'MenuItem'. This will cause values to be silently truncated if they do not fit in the default precision and scale. Explicitly specify the SQL server column type that can accommodate all the values in 'OnModelCreating' using 'HasColumnType', specify precision and scale using 'HasPrecision', or configure a value converter using 'HasConversion'.
2025-12-25 17:49:49.149 +02:00 [WRN] No store type was specified for the decimal property 'TotalPrice' on entity type 'Order'. This will cause values to be silently truncated if they do not fit in the default precision and scale. Explicitly specify the SQL server column type that can accommodate all the values in 'OnModelCreating' using 'HasColumnType', specify precision and scale using 'HasPrecision', or configure a value converter using 'HasConversion'.
2025-12-25 17:49:49.149 +02:00 [WRN] No store type was specified for the decimal property 'UnitPrice' on entity type 'OrderItem'. This will cause values to be silently truncated if they do not fit in the default precision and scale. Explicitly specify the SQL server column type that can accommodate all the values in 'OnModelCreating' using 'HasColumnType', specify precision and scale using 'HasPrecision', or configure a value converter using 'HasConversion'.
2025-12-25 17:50:03.046 +02:00 [WRN] No store type was specified for the decimal property 'Quantity' on entity type 'Ingredient'. This will cause values to be silently truncated if they do not fit in the default precision and scale. Explicitly specify the SQL server column type that can accommodate all the values in 'OnModelCreating' using 'HasColumnType', specify precision and scale using 'HasPrecision', or configure a value converter using 'HasConversion'.
2025-12-25 17:50:03.092 +02:00 [WRN] No store type was specified for the decimal property 'MinimumThreshold' on entity type 'InventoryItem'. This will cause values to be silently truncated if they do not fit in the default precision and scale. Explicitly specify the SQL server column type that can accommodate all the values in 'OnModelCreating' using 'HasColumnType', specify precision and scale using 'HasPrecision', or configure a value converter using 'HasConversion'.
2025-12-25 17:50:03.092 +02:00 [WRN] No store type was specified for the decimal property 'Quantity' on entity type 'InventoryItem'. This will cause values to be silently truncated if they do not fit in the default precision and scale. Explicitly specify the SQL server column type that can accommodate all the values in 'OnModelCreating' using 'HasColumnType', specify precision and scale using 'HasPrecision', or configure a value converter using 'HasConversion'.
2025-12-25 17:50:03.092 +02:00 [WRN] No store type was specified for the decimal property 'Price' on entity type 'MenuItem'. This will cause values to be silently truncated if they do not fit in the default precision and scale. Explicitly specify the SQL server column type that can accommodate all the values in 'OnModelCreating' using 'HasColumnType', specify precision and scale using 'HasPrecision', or configure a value converter using 'HasConversion'.
2025-12-25 17:50:03.092 +02:00 [WRN] No store type was specified for the decimal property 'TotalPrice' on entity type 'Order'. This will cause values to be silently truncated if they do not fit in the default precision and scale. Explicitly specify the SQL server column type that can accommodate all the values in 'OnModelCreating' using 'HasColumnType', specify precision and scale using 'HasPrecision', or configure a value converter using 'HasConversion'.
2025-12-25 17:50:03.092 +02:00 [WRN] No store type was specified for the decimal property 'UnitPrice' on entity type 'OrderItem'. This will cause values to be silently truncated if they do not fit in the default precision and scale. Explicitly specify the SQL server column type that can accommodate all the values in 'OnModelCreating' using 'HasColumnType', specify precision and scale using 'HasPrecision', or configure a value converter using 'HasConversion'.
2025-12-25 17:50:03.736 +02:00 [INF] Executed DbCommand (26ms) [Parameters=[], CommandType='"Text"', CommandTimeout='30']
SELECT 1
2025-12-25 17:50:03.768 +02:00 [INF] Executed DbCommand (16ms) [Parameters=[], CommandType='"Text"', CommandTimeout='30']
SELECT OBJECT_ID(N'[__EFMigrationsHistory]');
2025-12-25 17:50:03.769 +02:00 [INF] Executed DbCommand (1ms) [Parameters=[], CommandType='"Text"', CommandTimeout='30']
SELECT 1
2025-12-25 17:50:03.850 +02:00 [INF] Executed DbCommand (13ms) [Parameters=[], CommandType='"Text"', CommandTimeout='30']
CREATE TABLE [__EFMigrationsHistory] (
    [MigrationId] nvarchar(150) NOT NULL,
    [ProductVersion] nvarchar(32) NOT NULL,
    CONSTRAINT [PK___EFMigrationsHistory] PRIMARY KEY ([MigrationId])
);
2025-12-25 17:50:03.851 +02:00 [INF] Executed DbCommand (0ms) [Parameters=[], CommandType='"Text"', CommandTimeout='30']
SELECT 1
2025-12-25 17:50:03.854 +02:00 [INF] Executed DbCommand (2ms) [Parameters=[], CommandType='"Text"', CommandTimeout='30']
SELECT OBJECT_ID(N'[__EFMigrationsHistory]');
2025-12-25 17:50:03.887 +02:00 [INF] Executed DbCommand (32ms) [Parameters=[], CommandType='"Text"', CommandTimeout='30']
SELECT [MigrationId], [ProductVersion]
FROM [__EFMigrationsHistory]
ORDER BY [MigrationId];
2025-12-25 17:50:03.905 +02:00 [INF] Applying migration '20251225154949_InitialMigration'.
2025-12-25 17:50:04.049 +02:00 [INF] Executed DbCommand (31ms) [Parameters=[], CommandType='"Text"', CommandTimeout='30']
CREATE TABLE [InventoryItems] (
    [Id] uniqueidentifier NOT NULL,
    [Name] nvarchar(max) NULL,
    [Unit] nvarchar(max) NULL,
    [Quantity] decimal(18,2) NOT NULL,
    [MinimumThreshold] decimal(18,2) NOT NULL,
    [LastUpdated] datetime2 NOT NULL,
    CONSTRAINT [PK_InventoryItems] PRIMARY KEY ([Id])
);
2025-12-25 17:50:04.053 +02:00 [INF] Executed DbCommand (3ms) [Parameters=[], CommandType='"Text"', CommandTimeout='30']
CREATE TABLE [MenuItems] (
    [Id] uniqueidentifier NOT NULL,
    [Name] nvarchar(max) NULL,
    [Image] nvarchar(max) NULL,
    [Description] nvarchar(max) NULL,
    [Price] decimal(18,2) NOT NULL,
    [IsAvailable] bit NOT NULL,
    CONSTRAINT [PK_MenuItems] PRIMARY KEY ([Id])
);
2025-12-25 17:50:04.056 +02:00 [INF] Executed DbCommand (2ms) [Parameters=[], CommandType='"Text"', CommandTimeout='30']
CREATE TABLE [Users] (
    [Id] uniqueidentifier NOT NULL,
    [Email] nvarchar(max) NULL,
    [PasswordHash] nvarchar(max) NULL,
    [Role] int NOT NULL,
    [RefreshToken] nvarchar(max) NULL,
    [RefreshTokenExpiry] datetime2 NULL,
    CONSTRAINT [PK_Users] PRIMARY KEY ([Id])
);
2025-12-25 17:50:04.076 +02:00 [INF] Executed DbCommand (21ms) [Parameters=[], CommandType='"Text"', CommandTimeout='30']
CREATE TABLE [Ingredients] (
    [Id] uniqueidentifier NOT NULL,
    [Name] nvarchar(max) NULL,
    [Quantity] decimal(18,2) NOT NULL,
    [Unit] nvarchar(max) NULL,
    [MenuItemId] uniqueidentifier NOT NULL,
    CONSTRAINT [PK_Ingredients] PRIMARY KEY ([Id]),
    CONSTRAINT [FK_Ingredients_MenuItems_MenuItemId] FOREIGN KEY ([MenuItemId]) REFERENCES [MenuItems] ([Id]) ON DELETE CASCADE
);
2025-12-25 17:50:04.085 +02:00 [INF] Executed DbCommand (9ms) [Parameters=[], CommandType='"Text"', CommandTimeout='30']
CREATE TABLE [Orders] (
    [Id] uniqueidentifier NOT NULL,
    [CustomerId] uniqueidentifier NOT NULL,
    [Status] nvarchar(max) NOT NULL,
    [TotalPrice] decimal(18,2) NOT NULL,
    [CreatedAt] datetime2 NOT NULL,
    CONSTRAINT [PK_Orders] PRIMARY KEY ([Id]),
    CONSTRAINT [FK_Orders_Users_CustomerId] FOREIGN KEY ([CustomerId]) REFERENCES [Users] ([Id]) ON DELETE CASCADE
);
2025-12-25 17:50:04.091 +02:00 [INF] Executed DbCommand (6ms) [Parameters=[], CommandType='"Text"', CommandTimeout='30']
CREATE TABLE [Reservations] (
    [Id] uniqueidentifier NOT NULL,
    [CustomerId] uniqueidentifier NOT NULL,
    [ReservationTime] datetime2 NOT NULL,
    [Guests] int NOT NULL,
    [Status] int NOT NULL,
    CONSTRAINT [PK_Reservations] PRIMARY KEY ([Id]),
    CONSTRAINT [FK_Reservations_Users_CustomerId] FOREIGN KEY ([CustomerId]) REFERENCES [Users] ([Id]) ON DELETE CASCADE
);
2025-12-25 17:50:04.095 +02:00 [INF] Executed DbCommand (4ms) [Parameters=[], CommandType='"Text"', CommandTimeout='30']
CREATE TABLE [OrderItems] (
    [Id] uniqueidentifier NOT NULL,
    [OrderId] uniqueidentifier NOT NULL,
    [MenuItemId] uniqueidentifier NOT NULL,
    [Quantity] int NOT NULL,
    [UnitPrice] decimal(18,2) NOT NULL,
    CONSTRAINT [PK_OrderItems] PRIMARY KEY ([Id]),
    CONSTRAINT [FK_OrderItems_Orders_OrderId] FOREIGN KEY ([OrderId]) REFERENCES [Orders] ([Id]) ON DELETE CASCADE
);
2025-12-25 17:50:04.101 +02:00 [INF] Executed DbCommand (6ms) [Parameters=[], CommandType='"Text"', CommandTimeout='30']
CREATE INDEX [IX_Ingredients_MenuItemId] ON [Ingredients] ([MenuItemId]);
2025-12-25 17:50:04.103 +02:00 [INF] Executed DbCommand (2ms) [Parameters=[], CommandType='"Text"', CommandTimeout='30']
CREATE INDEX [IX_OrderItems_OrderId] ON [OrderItems] ([OrderId]);
2025-12-25 17:50:04.105 +02:00 [INF] Executed DbCommand (2ms) [Parameters=[], CommandType='"Text"', CommandTimeout='30']
CREATE INDEX [IX_Orders_CustomerId] ON [Orders] ([CustomerId]);
2025-12-25 17:50:04.107 +02:00 [INF] Executed DbCommand (1ms) [Parameters=[], CommandType='"Text"', CommandTimeout='30']
CREATE INDEX [IX_Reservations_CustomerId] ON [Reservations] ([CustomerId]);
2025-12-25 17:50:04.111 +02:00 [INF] Executed DbCommand (4ms) [Parameters=[], CommandType='"Text"', CommandTimeout='30']
INSERT INTO [__EFMigrationsHistory] ([MigrationId], [ProductVersion])
VALUES (N'20251225154949_InitialMigration', N'8.0.0');
2025-12-25 18:00:09.356 +02:00 [WRN] No store type was specified for the decimal property 'Quantity' on entity type 'Ingredient'. This will cause values to be silently truncated if they do not fit in the default precision and scale. Explicitly specify the SQL server column type that can accommodate all the values in 'OnModelCreating' using 'HasColumnType', specify precision and scale using 'HasPrecision', or configure a value converter using 'HasConversion'.
2025-12-25 18:00:09.392 +02:00 [WRN] No store type was specified for the decimal property 'MinimumThreshold' on entity type 'InventoryItem'. This will cause values to be silently truncated if they do not fit in the default precision and scale. Explicitly specify the SQL server column type that can accommodate all the values in 'OnModelCreating' using 'HasColumnType', specify precision and scale using 'HasPrecision', or configure a value converter using 'HasConversion'.
2025-12-25 18:00:09.392 +02:00 [WRN] No store type was specified for the decimal property 'Quantity' on entity type 'InventoryItem'. This will cause values to be silently truncated if they do not fit in the default precision and scale. Explicitly specify the SQL server column type that can accommodate all the values in 'OnModelCreating' using 'HasColumnType', specify precision and scale using 'HasPrecision', or configure a value converter using 'HasConversion'.
2025-12-25 18:00:09.392 +02:00 [WRN] No store type was specified for the decimal property 'Price' on entity type 'MenuItem'. This will cause values to be silently truncated if they do not fit in the default precision and scale. Explicitly specify the SQL server column type that can accommodate all the values in 'OnModelCreating' using 'HasColumnType', specify precision and scale using 'HasPrecision', or configure a value converter using 'HasConversion'.
2025-12-25 18:00:09.392 +02:00 [WRN] No store type was specified for the decimal property 'TotalPrice' on entity type 'Order'. This will cause values to be silently truncated if they do not fit in the default precision and scale. Explicitly specify the SQL server column type that can accommodate all the values in 'OnModelCreating' using 'HasColumnType', specify precision and scale using 'HasPrecision', or configure a value converter using 'HasConversion'.
2025-12-25 18:00:09.392 +02:00 [WRN] No store type was specified for the decimal property 'UnitPrice' on entity type 'OrderItem'. This will cause values to be silently truncated if they do not fit in the default precision and scale. Explicitly specify the SQL server column type that can accommodate all the values in 'OnModelCreating' using 'HasColumnType', specify precision and scale using 'HasPrecision', or configure a value converter using 'HasConversion'.
2025-12-25 18:00:09.553 +02:00 [WRN] No store type was specified for the decimal property 'Quantity' on entity type 'Ingredient'. This will cause values to be silently truncated if they do not fit in the default precision and scale. Explicitly specify the SQL server column type that can accommodate all the values in 'OnModelCreating' using 'HasColumnType', specify precision and scale using 'HasPrecision', or configure a value converter using 'HasConversion'.
2025-12-25 18:00:09.554 +02:00 [WRN] No store type was specified for the decimal property 'MinimumThreshold' on entity type 'InventoryItem'. This will cause values to be silently truncated if they do not fit in the default precision and scale. Explicitly specify the SQL server column type that can accommodate all the values in 'OnModelCreating' using 'HasColumnType', specify precision and scale using 'HasPrecision', or configure a value converter using 'HasConversion'.
2025-12-25 18:00:09.554 +02:00 [WRN] No store type was specified for the decimal property 'Quantity' on entity type 'InventoryItem'. This will cause values to be silently truncated if they do not fit in the default precision and scale. Explicitly specify the SQL server column type that can accommodate all the values in 'OnModelCreating' using 'HasColumnType', specify precision and scale using 'HasPrecision', or configure a value converter using 'HasConversion'.
2025-12-25 18:00:09.554 +02:00 [WRN] No store type was specified for the decimal property 'Price' on entity type 'MenuItem'. This will cause values to be silently truncated if they do not fit in the default precision and scale. Explicitly specify the SQL server column type that can accommodate all the values in 'OnModelCreating' using 'HasColumnType', specify precision and scale using 'HasPrecision', or configure a value converter using 'HasConversion'.
2025-12-25 18:00:09.554 +02:00 [WRN] No store type was specified for the decimal property 'TotalPrice' on entity type 'Order'. This will cause values to be silently truncated if they do not fit in the default precision and scale. Explicitly specify the SQL server column type that can accommodate all the values in 'OnModelCreating' using 'HasColumnType', specify precision and scale using 'HasPrecision', or configure a value converter using 'HasConversion'.
2025-12-25 18:00:09.554 +02:00 [WRN] No store type was specified for the decimal property 'UnitPrice' on entity type 'OrderItem'. This will cause values to be silently truncated if they do not fit in the default precision and scale. Explicitly specify the SQL server column type that can accommodate all the values in 'OnModelCreating' using 'HasColumnType', specify precision and scale using 'HasPrecision', or configure a value converter using 'HasConversion'.
2025-12-25 18:00:20.370 +02:00 [WRN] No store type was specified for the decimal property 'Quantity' on entity type 'Ingredient'. This will cause values to be silently truncated if they do not fit in the default precision and scale. Explicitly specify the SQL server column type that can accommodate all the values in 'OnModelCreating' using 'HasColumnType', specify precision and scale using 'HasPrecision', or configure a value converter using 'HasConversion'.
2025-12-25 18:00:20.418 +02:00 [WRN] No store type was specified for the decimal property 'MinimumThreshold' on entity type 'InventoryItem'. This will cause values to be silently truncated if they do not fit in the default precision and scale. Explicitly specify the SQL server column type that can accommodate all the values in 'OnModelCreating' using 'HasColumnType', specify precision and scale using 'HasPrecision', or configure a value converter using 'HasConversion'.
2025-12-25 18:00:20.419 +02:00 [WRN] No store type was specified for the decimal property 'Quantity' on entity type 'InventoryItem'. This will cause values to be silently truncated if they do not fit in the default precision and scale. Explicitly specify the SQL server column type that can accommodate all the values in 'OnModelCreating' using 'HasColumnType', specify precision and scale using 'HasPrecision', or configure a value converter using 'HasConversion'.
2025-12-25 18:00:20.419 +02:00 [WRN] No store type was specified for the decimal property 'Price' on entity type 'MenuItem'. This will cause values to be silently truncated if they do not fit in the default precision and scale. Explicitly specify the SQL server column type that can accommodate all the values in 'OnModelCreating' using 'HasColumnType', specify precision and scale using 'HasPrecision', or configure a value converter using 'HasConversion'.
2025-12-25 18:00:20.419 +02:00 [WRN] No store type was specified for the decimal property 'TotalPrice' on entity type 'Order'. This will cause values to be silently truncated if they do not fit in the default precision and scale. Explicitly specify the SQL server column type that can accommodate all the values in 'OnModelCreating' using 'HasColumnType', specify precision and scale using 'HasPrecision', or configure a value converter using 'HasConversion'.
2025-12-25 18:00:20.419 +02:00 [WRN] No store type was specified for the decimal property 'UnitPrice' on entity type 'OrderItem'. This will cause values to be silently truncated if they do not fit in the default precision and scale. Explicitly specify the SQL server column type that can accommodate all the values in 'OnModelCreating' using 'HasColumnType', specify precision and scale using 'HasPrecision', or configure a value converter using 'HasConversion'.
2025-12-25 18:00:20.980 +02:00 [INF] Executed DbCommand (21ms) [Parameters=[], CommandType='"Text"', CommandTimeout='30']
SELECT 1
2025-12-25 18:00:21.012 +02:00 [INF] Executed DbCommand (17ms) [Parameters=[], CommandType='"Text"', CommandTimeout='30']
SELECT OBJECT_ID(N'[__EFMigrationsHistory]');
2025-12-25 18:00:21.015 +02:00 [INF] Executed DbCommand (2ms) [Parameters=[], CommandType='"Text"', CommandTimeout='30']
SELECT 1
2025-12-25 18:00:21.123 +02:00 [INF] Executed DbCommand (12ms) [Parameters=[], CommandType='"Text"', CommandTimeout='30']
CREATE TABLE [__EFMigrationsHistory] (
    [MigrationId] nvarchar(150) NOT NULL,
    [ProductVersion] nvarchar(32) NOT NULL,
    CONSTRAINT [PK___EFMigrationsHistory] PRIMARY KEY ([MigrationId])
);
2025-12-25 18:00:21.125 +02:00 [INF] Executed DbCommand (1ms) [Parameters=[], CommandType='"Text"', CommandTimeout='30']
SELECT 1
2025-12-25 18:00:21.127 +02:00 [INF] Executed DbCommand (2ms) [Parameters=[], CommandType='"Text"', CommandTimeout='30']
SELECT OBJECT_ID(N'[__EFMigrationsHistory]');
2025-12-25 18:00:21.142 +02:00 [INF] Executed DbCommand (11ms) [Parameters=[], CommandType='"Text"', CommandTimeout='30']
SELECT [MigrationId], [ProductVersion]
FROM [__EFMigrationsHistory]
ORDER BY [MigrationId];
2025-12-25 18:00:21.159 +02:00 [INF] Applying migration '20251225160010_InitialMigration'.
2025-12-25 18:00:21.220 +02:00 [INF] Executed DbCommand (6ms) [Parameters=[], CommandType='"Text"', CommandTimeout='30']
CREATE TABLE [InventoryItems] (
    [Id] uniqueidentifier NOT NULL,
    [Name] nvarchar(max) NULL,
    [Unit] nvarchar(max) NULL,
    [Quantity] decimal(18,2) NOT NULL,
    [MinimumThreshold] decimal(18,2) NOT NULL,
    [LastUpdated] datetime2 NOT NULL,
    CONSTRAINT [PK_InventoryItems] PRIMARY KEY ([Id])
);
2025-12-25 18:00:21.225 +02:00 [INF] Executed DbCommand (5ms) [Parameters=[], CommandType='"Text"', CommandTimeout='30']
CREATE TABLE [MenuItems] (
    [Id] uniqueidentifier NOT NULL,
    [Name] nvarchar(max) NULL,
    [Image] nvarchar(max) NULL,
    [Description] nvarchar(max) NULL,
    [Price] decimal(18,2) NOT NULL,
    [IsAvailable] bit NOT NULL,
    CONSTRAINT [PK_MenuItems] PRIMARY KEY ([Id])
);
2025-12-25 18:00:21.230 +02:00 [INF] Executed DbCommand (4ms) [Parameters=[], CommandType='"Text"', CommandTimeout='30']
CREATE TABLE [Users] (
    [Id] uniqueidentifier NOT NULL,
    [Email] nvarchar(max) NULL,
    [PasswordHash] nvarchar(max) NULL,
    [Role] nvarchar(max) NOT NULL,
    [RefreshToken] nvarchar(max) NULL,
    [RefreshTokenExpiry] datetime2 NULL,
    CONSTRAINT [PK_Users] PRIMARY KEY ([Id])
);
2025-12-25 18:00:21.237 +02:00 [INF] Executed DbCommand (7ms) [Parameters=[], CommandType='"Text"', CommandTimeout='30']
CREATE TABLE [Ingredients] (
    [Id] uniqueidentifier NOT NULL,
    [Name] nvarchar(max) NULL,
    [Quantity] decimal(18,2) NOT NULL,
    [Unit] nvarchar(max) NULL,
    [MenuItemId] uniqueidentifier NOT NULL,
    CONSTRAINT [PK_Ingredients] PRIMARY KEY ([Id]),
    CONSTRAINT [FK_Ingredients_MenuItems_MenuItemId] FOREIGN KEY ([MenuItemId]) REFERENCES [MenuItems] ([Id]) ON DELETE CASCADE
);
2025-12-25 18:00:21.244 +02:00 [INF] Executed DbCommand (7ms) [Parameters=[], CommandType='"Text"', CommandTimeout='30']
CREATE TABLE [Orders] (
    [Id] uniqueidentifier NOT NULL,
    [CustomerId] uniqueidentifier NOT NULL,
    [Status] nvarchar(max) NOT NULL,
    [TotalPrice] decimal(18,2) NOT NULL,
    [CreatedAt] datetime2 NOT NULL,
    CONSTRAINT [PK_Orders] PRIMARY KEY ([Id]),
    CONSTRAINT [FK_Orders_Users_CustomerId] FOREIGN KEY ([CustomerId]) REFERENCES [Users] ([Id]) ON DELETE CASCADE
);
2025-12-25 18:00:21.248 +02:00 [INF] Executed DbCommand (4ms) [Parameters=[], CommandType='"Text"', CommandTimeout='30']
CREATE TABLE [Reservations] (
    [Id] uniqueidentifier NOT NULL,
    [CustomerId] uniqueidentifier NOT NULL,
    [ReservationTime] datetime2 NOT NULL,
    [Guests] int NOT NULL,
    [Status] int NOT NULL,
    CONSTRAINT [PK_Reservations] PRIMARY KEY ([Id]),
    CONSTRAINT [FK_Reservations_Users_CustomerId] FOREIGN KEY ([CustomerId]) REFERENCES [Users] ([Id]) ON DELETE CASCADE
);
2025-12-25 18:00:21.253 +02:00 [INF] Executed DbCommand (5ms) [Parameters=[], CommandType='"Text"', CommandTimeout='30']
CREATE TABLE [OrderItems] (
    [Id] uniqueidentifier NOT NULL,
    [OrderId] uniqueidentifier NOT NULL,
    [MenuItemId] uniqueidentifier NOT NULL,
    [Quantity] int NOT NULL,
    [UnitPrice] decimal(18,2) NOT NULL,
    CONSTRAINT [PK_OrderItems] PRIMARY KEY ([Id]),
    CONSTRAINT [FK_OrderItems_Orders_OrderId] FOREIGN KEY ([OrderId]) REFERENCES [Orders] ([Id]) ON DELETE CASCADE
);
2025-12-25 18:00:21.259 +02:00 [INF] Executed DbCommand (5ms) [Parameters=[], CommandType='"Text"', CommandTimeout='30']
CREATE INDEX [IX_Ingredients_MenuItemId] ON [Ingredients] ([MenuItemId]);
2025-12-25 18:00:21.261 +02:00 [INF] Executed DbCommand (2ms) [Parameters=[], CommandType='"Text"', CommandTimeout='30']
CREATE INDEX [IX_OrderItems_OrderId] ON [OrderItems] ([OrderId]);
2025-12-25 18:00:21.263 +02:00 [INF] Executed DbCommand (2ms) [Parameters=[], CommandType='"Text"', CommandTimeout='30']
CREATE INDEX [IX_Orders_CustomerId] ON [Orders] ([CustomerId]);
2025-12-25 18:00:21.265 +02:00 [INF] Executed DbCommand (2ms) [Parameters=[], CommandType='"Text"', CommandTimeout='30']
CREATE INDEX [IX_Reservations_CustomerId] ON [Reservations] ([CustomerId]);
2025-12-25 18:00:21.595 +02:00 [INF] Executed DbCommand (7ms) [Parameters=[], CommandType='"Text"', CommandTimeout='30']
INSERT INTO [__EFMigrationsHistory] ([MigrationId], [ProductVersion])
VALUES (N'20251225160010_InitialMigration', N'8.0.0');
2025-12-25 18:00:58.618 +02:00 [WRN] No store type was specified for the decimal property 'Quantity' on entity type 'Ingredient'. This will cause values to be silently truncated if they do not fit in the default precision and scale. Explicitly specify the SQL server column type that can accommodate all the values in 'OnModelCreating' using 'HasColumnType', specify precision and scale using 'HasPrecision', or configure a value converter using 'HasConversion'.
2025-12-25 18:00:58.693 +02:00 [WRN] No store type was specified for the decimal property 'MinimumThreshold' on entity type 'InventoryItem'. This will cause values to be silently truncated if they do not fit in the default precision and scale. Explicitly specify the SQL server column type that can accommodate all the values in 'OnModelCreating' using 'HasColumnType', specify precision and scale using 'HasPrecision', or configure a value converter using 'HasConversion'.
2025-12-25 18:00:58.697 +02:00 [WRN] No store type was specified for the decimal property 'Quantity' on entity type 'InventoryItem'. This will cause values to be silently truncated if they do not fit in the default precision and scale. Explicitly specify the SQL server column type that can accommodate all the values in 'OnModelCreating' using 'HasColumnType', specify precision and scale using 'HasPrecision', or configure a value converter using 'HasConversion'.
2025-12-25 18:00:58.699 +02:00 [WRN] No store type was specified for the decimal property 'Price' on entity type 'MenuItem'. This will cause values to be silently truncated if they do not fit in the default precision and scale. Explicitly specify the SQL server column type that can accommodate all the values in 'OnModelCreating' using 'HasColumnType', specify precision and scale using 'HasPrecision', or configure a value converter using 'HasConversion'.
2025-12-25 18:00:58.704 +02:00 [WRN] No store type was specified for the decimal property 'TotalPrice' on entity type 'Order'. This will cause values to be silently truncated if they do not fit in the default precision and scale. Explicitly specify the SQL server column type that can accommodate all the values in 'OnModelCreating' using 'HasColumnType', specify precision and scale using 'HasPrecision', or configure a value converter using 'HasConversion'.
2025-12-25 18:00:58.707 +02:00 [WRN] No store type was specified for the decimal property 'UnitPrice' on entity type 'OrderItem'. This will cause values to be silently truncated if they do not fit in the default precision and scale. Explicitly specify the SQL server column type that can accommodate all the values in 'OnModelCreating' using 'HasColumnType', specify precision and scale using 'HasPrecision', or configure a value converter using 'HasConversion'.
2025-12-25 18:00:59.733 +02:00 [INF] Executed DbCommand (29ms) [Parameters=[], CommandType='"Text"', CommandTimeout='30']
SELECT CASE
    WHEN EXISTS (
        SELECT 1
        FROM [MenuItems] AS [m]) THEN CAST(1 AS bit)
    ELSE CAST(0 AS bit)
END
2025-12-25 18:01:00.544 +02:00 [INF] Executed DbCommand (98ms) [Parameters=[@p0='?' (DbType = Guid), @p1='?' (Size = 4000), @p2='?' (Size = 4000), @p3='?' (DbType = Boolean), @p4='?' (Size = 4000), @p5='?' (Precision = 18) (Scale = 2) (DbType = Decimal), @p6='?' (DbType = Guid), @p7='?' (Size = 4000), @p8='?' (Size = 4000), @p9='?' (DbType = Boolean), @p10='?' (Size = 4000), @p11='?' (Precision = 18) (Scale = 2) (DbType = Decimal), @p12='?' (DbType = Guid), @p13='?' (Size = 4000), @p14='?' (Size = 4000), @p15='?' (DbType = Boolean), @p16='?' (Size = 4000), @p17='?' (Precision = 18) (Scale = 2) (DbType = Decimal), @p18='?' (DbType = Guid), @p19='?' (Size = 4000), @p20='?' (Size = 4000), @p21='?' (DbType = Boolean), @p22='?' (Size = 4000), @p23='?' (Precision = 18) (Scale = 2) (DbType = Decimal), @p24='?' (DbType = Guid), @p25='?' (Size = 4000), @p26='?' (Size = 4000), @p27='?' (DbType = Boolean), @p28='?' (Size = 4000), @p29='?' (Precision = 18) (Scale = 2) (DbType = Decimal), @p30='?' (DbType = Guid), @p31='?' (Size = 4000), @p32='?' (Size = 4000), @p33='?' (DbType = Boolean), @p34='?' (Size = 4000), @p35='?' (Precision = 18) (Scale = 2) (DbType = Decimal), @p36='?' (DbType = Guid), @p37='?' (Size = 4000), @p38='?' (Size = 4000), @p39='?' (DbType = Boolean), @p40='?' (Size = 4000), @p41='?' (Precision = 18) (Scale = 2) (DbType = Decimal), @p42='?' (DbType = Guid), @p43='?' (Size = 4000), @p44='?' (Size = 4000), @p45='?' (DbType = Boolean), @p46='?' (Size = 4000), @p47='?' (Precision = 18) (Scale = 2) (DbType = Decimal), @p48='?' (DbType = Guid), @p49='?' (Size = 4000), @p50='?' (Size = 4000), @p51='?' (DbType = Boolean), @p52='?' (Size = 4000), @p53='?' (Precision = 18) (Scale = 2) (DbType = Decimal), @p54='?' (DbType = Guid), @p55='?' (DbType = Guid), @p56='?' (Size = 4000), @p57='?' (Precision = 18) (Scale = 2) (DbType = Decimal), @p58='?' (Size = 4000), @p59='?' (DbType = Guid), @p60='?' (DbType = Guid), @p61='?' (Size = 4000), @p62='?' (Precision = 18) (Scale = 2) (DbType = Decimal), @p63='?' (Size = 4000), @p64='?' (DbType = Guid), @p65='?' (DbType = Guid), @p66='?' (Size = 4000), @p67='?' (Precision = 18) (Scale = 2) (DbType = Decimal), @p68='?' (Size = 4000), @p69='?' (DbType = Guid), @p70='?' (DbType = Guid), @p71='?' (Size = 4000), @p72='?' (Precision = 18) (Scale = 2) (DbType = Decimal), @p73='?' (Size = 4000), @p74='?' (DbType = Guid), @p75='?' (DbType = Guid), @p76='?' (Size = 4000), @p77='?' (Precision = 18) (Scale = 2) (DbType = Decimal), @p78='?' (Size = 4000), @p79='?' (DbType = Guid), @p80='?' (DbType = Guid), @p81='?' (Size = 4000), @p82='?' (Precision = 18) (Scale = 2) (DbType = Decimal), @p83='?' (Size = 4000), @p84='?' (DbType = Guid), @p85='?' (DbType = Guid), @p86='?' (Size = 4000), @p87='?' (Precision = 18) (Scale = 2) (DbType = Decimal), @p88='?' (Size = 4000), @p89='?' (DbType = Guid), @p90='?' (DbType = Guid), @p91='?' (Size = 4000), @p92='?' (Precision = 18) (Scale = 2) (DbType = Decimal), @p93='?' (Size = 4000), @p94='?' (DbType = Guid), @p95='?' (DbType = Guid), @p96='?' (Size = 4000), @p97='?' (Precision = 18) (Scale = 2) (DbType = Decimal), @p98='?' (Size = 4000), @p99='?' (DbType = Guid), @p100='?' (DbType = Guid), @p101='?' (Size = 4000), @p102='?' (Precision = 18) (Scale = 2) (DbType = Decimal), @p103='?' (Size = 4000), @p104='?' (DbType = Guid), @p105='?' (DbType = Guid), @p106='?' (Size = 4000), @p107='?' (Precision = 18) (Scale = 2) (DbType = Decimal), @p108='?' (Size = 4000), @p109='?' (DbType = Guid), @p110='?' (DbType = Guid), @p111='?' (Size = 4000), @p112='?' (Precision = 18) (Scale = 2) (DbType = Decimal), @p113='?' (Size = 4000), @p114='?' (DbType = Guid), @p115='?' (DbType = Guid), @p116='?' (Size = 4000), @p117='?' (Precision = 18) (Scale = 2) (DbType = Decimal), @p118='?' (Size = 4000), @p119='?' (DbType = Guid), @p120='?' (DbType = Guid), @p121='?' (Size = 4000), @p122='?' (Precision = 18) (Scale = 2) (DbType = Decimal), @p123='?' (Size = 4000), @p124='?' (DbType = Guid), @p125='?' (DbType = Guid), @p126='?' (Size = 4000), @p127='?' (Precision = 18) (Scale = 2) (DbType = Decimal), @p128='?' (Size = 4000), @p129='?' (DbType = Guid), @p130='?' (DbType = Guid), @p131='?' (Size = 4000), @p132='?' (Precision = 18) (Scale = 2) (DbType = Decimal), @p133='?' (Size = 4000), @p134='?' (DbType = Guid), @p135='?' (DbType = Guid), @p136='?' (Size = 4000), @p137='?' (Precision = 18) (Scale = 2) (DbType = Decimal), @p138='?' (Size = 4000), @p139='?' (DbType = Guid), @p140='?' (DbType = Guid), @p141='?' (Size = 4000), @p142='?' (Precision = 18) (Scale = 2) (DbType = Decimal), @p143='?' (Size = 4000), @p144='?' (DbType = Guid), @p145='?' (DbType = Guid), @p146='?' (Size = 4000), @p147='?' (Precision = 18) (Scale = 2) (DbType = Decimal), @p148='?' (Size = 4000), @p149='?' (DbType = Guid), @p150='?' (DbType = Guid), @p151='?' (Size = 4000), @p152='?' (Precision = 18) (Scale = 2) (DbType = Decimal), @p153='?' (Size = 4000), @p154='?' (DbType = Guid), @p155='?' (DbType = Guid), @p156='?' (Size = 4000), @p157='?' (Precision = 18) (Scale = 2) (DbType = Decimal), @p158='?' (Size = 4000), @p159='?' (DbType = Guid), @p160='?' (DbType = Guid), @p161='?' (Size = 4000), @p162='?' (Precision = 18) (Scale = 2) (DbType = Decimal), @p163='?' (Size = 4000), @p164='?' (DbType = Guid), @p165='?' (DbType = Guid), @p166='?' (Size = 4000), @p167='?' (Precision = 18) (Scale = 2) (DbType = Decimal), @p168='?' (Size = 4000), @p169='?' (DbType = Guid), @p170='?' (DbType = Guid), @p171='?' (Size = 4000), @p172='?' (Precision = 18) (Scale = 2) (DbType = Decimal), @p173='?' (Size = 4000), @p174='?' (DbType = Guid), @p175='?' (DbType = Guid), @p176='?' (Size = 4000), @p177='?' (Precision = 18) (Scale = 2) (DbType = Decimal), @p178='?' (Size = 4000), @p179='?' (DbType = Guid), @p180='?' (DbType = Guid), @p181='?' (Size = 4000), @p182='?' (Precision = 18) (Scale = 2) (DbType = Decimal), @p183='?' (Size = 4000), @p184='?' (DbType = Guid), @p185='?' (DbType = Guid), @p186='?' (Size = 4000), @p187='?' (Precision = 18) (Scale = 2) (DbType = Decimal), @p188='?' (Size = 4000), @p189='?' (DbType = Guid), @p190='?' (DbType = Guid), @p191='?' (Size = 4000), @p192='?' (Precision = 18) (Scale = 2) (DbType = Decimal), @p193='?' (Size = 4000), @p194='?' (DbType = Guid), @p195='?' (DbType = Guid), @p196='?' (Size = 4000), @p197='?' (Precision = 18) (Scale = 2) (DbType = Decimal), @p198='?' (Size = 4000), @p199='?' (DbType = Guid), @p200='?' (DbType = Guid), @p201='?' (Size = 4000), @p202='?' (Precision = 18) (Scale = 2) (DbType = Decimal), @p203='?' (Size = 4000), @p204='?' (DbType = Guid), @p205='?' (DbType = Guid), @p206='?' (Size = 4000), @p207='?' (Precision = 18) (Scale = 2) (DbType = Decimal), @p208='?' (Size = 4000)], CommandType='"Text"', CommandTimeout='30']
SET NOCOUNT ON;
INSERT INTO [MenuItems] ([Id], [Description], [Image], [IsAvailable], [Name], [Price])
VALUES (@p0, @p1, @p2, @p3, @p4, @p5),
(@p6, @p7, @p8, @p9, @p10, @p11),
(@p12, @p13, @p14, @p15, @p16, @p17),
(@p18, @p19, @p20, @p21, @p22, @p23),
(@p24, @p25, @p26, @p27, @p28, @p29),
(@p30, @p31, @p32, @p33, @p34, @p35),
(@p36, @p37, @p38, @p39, @p40, @p41),
(@p42, @p43, @p44, @p45, @p46, @p47),
(@p48, @p49, @p50, @p51, @p52, @p53);
INSERT INTO [Ingredients] ([Id], [MenuItemId], [Name], [Quantity], [Unit])
VALUES (@p54, @p55, @p56, @p57, @p58),
(@p59, @p60, @p61, @p62, @p63),
(@p64, @p65, @p66, @p67, @p68),
(@p69, @p70, @p71, @p72, @p73),
(@p74, @p75, @p76, @p77, @p78),
(@p79, @p80, @p81, @p82, @p83),
(@p84, @p85, @p86, @p87, @p88),
(@p89, @p90, @p91, @p92, @p93),
(@p94, @p95, @p96, @p97, @p98),
(@p99, @p100, @p101, @p102, @p103),
(@p104, @p105, @p106, @p107, @p108),
(@p109, @p110, @p111, @p112, @p113),
(@p114, @p115, @p116, @p117, @p118),
(@p119, @p120, @p121, @p122, @p123),
(@p124, @p125, @p126, @p127, @p128),
(@p129, @p130, @p131, @p132, @p133),
(@p134, @p135, @p136, @p137, @p138),
(@p139, @p140, @p141, @p142, @p143),
(@p144, @p145, @p146, @p147, @p148),
(@p149, @p150, @p151, @p152, @p153),
(@p154, @p155, @p156, @p157, @p158),
(@p159, @p160, @p161, @p162, @p163),
(@p164, @p165, @p166, @p167, @p168),
(@p169, @p170, @p171, @p172, @p173),
(@p174, @p175, @p176, @p177, @p178),
(@p179, @p180, @p181, @p182, @p183),
(@p184, @p185, @p186, @p187, @p188),
(@p189, @p190, @p191, @p192, @p193),
(@p194, @p195, @p196, @p197, @p198),
(@p199, @p200, @p201, @p202, @p203),
(@p204, @p205, @p206, @p207, @p208);
2025-12-25 18:01:00.611 +02:00 [INF] Executed DbCommand (2ms) [Parameters=[], CommandType='"Text"', CommandTimeout='30']
SELECT CASE
    WHEN EXISTS (
        SELECT 1
        FROM [Ingredients] AS [i]) THEN CAST(1 AS bit)
    ELSE CAST(0 AS bit)
END
2025-12-25 18:01:00.624 +02:00 [INF] Executed DbCommand (3ms) [Parameters=[], CommandType='"Text"', CommandTimeout='30']
SELECT CASE
    WHEN EXISTS (
        SELECT 1
        FROM [InventoryItems] AS [i]) THEN CAST(1 AS bit)
    ELSE CAST(0 AS bit)
END
2025-12-25 18:01:00.716 +02:00 [INF] Executed DbCommand (11ms) [Parameters=[@p0='?' (DbType = Guid), @p1='?' (DbType = DateTime2), @p2='?' (Precision = 18) (Scale = 2) (DbType = Decimal), @p3='?' (Size = 4000), @p4='?' (Precision = 18) (Scale = 2) (DbType = Decimal), @p5='?' (Size = 4000), @p6='?' (DbType = Guid), @p7='?' (DbType = DateTime2), @p8='?' (Precision = 18) (Scale = 2) (DbType = Decimal), @p9='?' (Size = 4000), @p10='?' (Precision = 18) (Scale = 2) (DbType = Decimal), @p11='?' (Size = 4000), @p12='?' (DbType = Guid), @p13='?' (DbType = DateTime2), @p14='?' (Precision = 18) (Scale = 2) (DbType = Decimal), @p15='?' (Size = 4000), @p16='?' (Precision = 18) (Scale = 2) (DbType = Decimal), @p17='?' (Size = 4000), @p18='?' (DbType = Guid), @p19='?' (DbType = DateTime2), @p20='?' (Precision = 18) (Scale = 2) (DbType = Decimal), @p21='?' (Size = 4000), @p22='?' (Precision = 18) (Scale = 2) (DbType = Decimal), @p23='?' (Size = 4000), @p24='?' (DbType = Guid), @p25='?' (DbType = DateTime2), @p26='?' (Precision = 18) (Scale = 2) (DbType = Decimal), @p27='?' (Size = 4000), @p28='?' (Precision = 18) (Scale = 2) (DbType = Decimal), @p29='?' (Size = 4000), @p30='?' (DbType = Guid), @p31='?' (DbType = DateTime2), @p32='?' (Precision = 18) (Scale = 2) (DbType = Decimal), @p33='?' (Size = 4000), @p34='?' (Precision = 18) (Scale = 2) (DbType = Decimal), @p35='?' (Size = 4000), @p36='?' (DbType = Guid), @p37='?' (DbType = DateTime2), @p38='?' (Precision = 18) (Scale = 2) (DbType = Decimal), @p39='?' (Size = 4000), @p40='?' (Precision = 18) (Scale = 2) (DbType = Decimal), @p41='?' (Size = 4000), @p42='?' (DbType = Guid), @p43='?' (DbType = DateTime2), @p44='?' (Precision = 18) (Scale = 2) (DbType = Decimal), @p45='?' (Size = 4000), @p46='?' (Precision = 18) (Scale = 2) (DbType = Decimal), @p47='?' (Size = 4000), @p48='?' (DbType = Guid), @p49='?' (DbType = DateTime2), @p50='?' (Precision = 18) (Scale = 2) (DbType = Decimal), @p51='?' (Size = 4000), @p52='?' (Precision = 18) (Scale = 2) (DbType = Decimal), @p53='?' (Size = 4000), @p54='?' (DbType = Guid), @p55='?' (DbType = DateTime2), @p56='?' (Precision = 18) (Scale = 2) (DbType = Decimal), @p57='?' (Size = 4000), @p58='?' (Precision = 18) (Scale = 2) (DbType = Decimal), @p59='?' (Size = 4000)], CommandType='"Text"', CommandTimeout='30']
SET IMPLICIT_TRANSACTIONS OFF;
SET NOCOUNT ON;
INSERT INTO [InventoryItems] ([Id], [LastUpdated], [MinimumThreshold], [Name], [Quantity], [Unit])
VALUES (@p0, @p1, @p2, @p3, @p4, @p5),
(@p6, @p7, @p8, @p9, @p10, @p11),
(@p12, @p13, @p14, @p15, @p16, @p17),
(@p18, @p19, @p20, @p21, @p22, @p23),
(@p24, @p25, @p26, @p27, @p28, @p29),
(@p30, @p31, @p32, @p33, @p34, @p35),
(@p36, @p37, @p38, @p39, @p40, @p41),
(@p42, @p43, @p44, @p45, @p46, @p47),
(@p48, @p49, @p50, @p51, @p52, @p53),
(@p54, @p55, @p56, @p57, @p58, @p59);
2025-12-25 18:01:00.731 +02:00 [INF] Executed DbCommand (3ms) [Parameters=[], CommandType='"Text"', CommandTimeout='30']
SELECT CASE
    WHEN EXISTS (
        SELECT 1
        FROM [Reservations] AS [r]) THEN CAST(1 AS bit)
    ELSE CAST(0 AS bit)
END
2025-12-25 18:01:00.921 +02:00 [ERR] Failed executing DbCommand (58ms) [Parameters=[@p0='?' (DbType = Guid), @p1='?' (DbType = Guid), @p2='?' (DbType = Int32), @p3='?' (DbType = DateTime2), @p4='?' (DbType = Int32)], CommandType='"Text"', CommandTimeout='30']
SET IMPLICIT_TRANSACTIONS OFF;
SET NOCOUNT ON;
INSERT INTO [Reservations] ([Id], [CustomerId], [Guests], [ReservationTime], [Status])
VALUES (@p0, @p1, @p2, @p3, @p4);
2025-12-25 18:01:01.035 +02:00 [ERR] An exception occurred in the database while saving changes for context type 'SmartRestaurant.Infrastructure.Context.AppDbContext'.
Microsoft.EntityFrameworkCore.DbUpdateException: An error occurred while saving the entity changes. See the inner exception for details.
 ---> Microsoft.Data.SqlClient.SqlException (0x80131904): The INSERT statement conflicted with the FOREIGN KEY constraint "FK_Reservations_Users_CustomerId". The conflict occurred in database "SmartRestaurant", table "dbo.Users", column 'Id'.
The statement has been terminated.
   at Microsoft.Data.SqlClient.SqlCommand.<>c.<ExecuteDbDataReaderAsync>b__209_0(Task`1 result)
   at System.Threading.Tasks.ContinuationResultTaskFromResultTask`2.InnerInvoke()
   at System.Threading.ExecutionContext.RunInternal(ExecutionContext executionContext, ContextCallback callback, Object state)
--- End of stack trace from previous location ---
   at System.Threading.ExecutionContext.RunInternal(ExecutionContext executionContext, ContextCallback callback, Object state)
   at System.Threading.Tasks.Task.ExecuteWithThreadLocal(Task& currentTaskSlot, Thread threadPoolThread)
--- End of stack trace from previous location ---
   at Microsoft.EntityFrameworkCore.Storage.RelationalCommand.ExecuteReaderAsync(RelationalCommandParameterObject parameterObject, CancellationToken cancellationToken)
   at Microsoft.EntityFrameworkCore.Storage.RelationalCommand.ExecuteReaderAsync(RelationalCommandParameterObject parameterObject, CancellationToken cancellationToken)
   at Microsoft.EntityFrameworkCore.Update.ReaderModificationCommandBatch.ExecuteAsync(IRelationalConnection connection, CancellationToken cancellationToken)
ClientConnectionId:eab0ed20-4ea3-40c2-81d2-42785fb1311b
Error Number:547,State:0,Class:16
   --- End of inner exception stack trace ---
   at Microsoft.EntityFrameworkCore.Update.ReaderModificationCommandBatch.ExecuteAsync(IRelationalConnection connection, CancellationToken cancellationToken)
   at Microsoft.EntityFrameworkCore.SqlServer.Update.Internal.SqlServerModificationCommandBatch.ExecuteAsync(IRelationalConnection connection, CancellationToken cancellationToken)
   at Microsoft.EntityFrameworkCore.Update.Internal.BatchExecutor.ExecuteAsync(IEnumerable`1 commandBatches, IRelationalConnection connection, CancellationToken cancellationToken)
   at Microsoft.EntityFrameworkCore.Update.Internal.BatchExecutor.ExecuteAsync(IEnumerable`1 commandBatches, IRelationalConnection connection, CancellationToken cancellationToken)
   at Microsoft.EntityFrameworkCore.Update.Internal.BatchExecutor.ExecuteAsync(IEnumerable`1 commandBatches, IRelationalConnection connection, CancellationToken cancellationToken)
   at Microsoft.EntityFrameworkCore.ChangeTracking.Internal.StateManager.SaveChangesAsync(IList`1 entriesToSave, CancellationToken cancellationToken)
   at Microsoft.EntityFrameworkCore.ChangeTracking.Internal.StateManager.SaveChangesAsync(StateManager stateManager, Boolean acceptAllChangesOnSuccess, CancellationToken cancellationToken)
   at Microsoft.EntityFrameworkCore.SqlServer.Storage.Internal.SqlServerExecutionStrategy.ExecuteAsync[TState,TResult](TState state, Func`4 operation, Func`4 verifySucceeded, CancellationToken cancellationToken)
   at Microsoft.EntityFrameworkCore.DbContext.SaveChangesAsync(Boolean acceptAllChangesOnSuccess, CancellationToken cancellationToken)
Microsoft.EntityFrameworkCore.DbUpdateException: An error occurred while saving the entity changes. See the inner exception for details.
 ---> Microsoft.Data.SqlClient.SqlException (0x80131904): The INSERT statement conflicted with the FOREIGN KEY constraint "FK_Reservations_Users_CustomerId". The conflict occurred in database "SmartRestaurant", table "dbo.Users", column 'Id'.
The statement has been terminated.
   at Microsoft.Data.SqlClient.SqlCommand.<>c.<ExecuteDbDataReaderAsync>b__209_0(Task`1 result)
   at System.Threading.Tasks.ContinuationResultTaskFromResultTask`2.InnerInvoke()
   at System.Threading.ExecutionContext.RunInternal(ExecutionContext executionContext, ContextCallback callback, Object state)
--- End of stack trace from previous location ---
   at System.Threading.ExecutionContext.RunInternal(ExecutionContext executionContext, ContextCallback callback, Object state)
   at System.Threading.Tasks.Task.ExecuteWithThreadLocal(Task& currentTaskSlot, Thread threadPoolThread)
--- End of stack trace from previous location ---
   at Microsoft.EntityFrameworkCore.Storage.RelationalCommand.ExecuteReaderAsync(RelationalCommandParameterObject parameterObject, CancellationToken cancellationToken)
   at Microsoft.EntityFrameworkCore.Storage.RelationalCommand.ExecuteReaderAsync(RelationalCommandParameterObject parameterObject, CancellationToken cancellationToken)
   at Microsoft.EntityFrameworkCore.Update.ReaderModificationCommandBatch.ExecuteAsync(IRelationalConnection connection, CancellationToken cancellationToken)
ClientConnectionId:eab0ed20-4ea3-40c2-81d2-42785fb1311b
Error Number:547,State:0,Class:16
   --- End of inner exception stack trace ---
   at Microsoft.EntityFrameworkCore.Update.ReaderModificationCommandBatch.ExecuteAsync(IRelationalConnection connection, CancellationToken cancellationToken)
   at Microsoft.EntityFrameworkCore.SqlServer.Update.Internal.SqlServerModificationCommandBatch.ExecuteAsync(IRelationalConnection connection, CancellationToken cancellationToken)
   at Microsoft.EntityFrameworkCore.Update.Internal.BatchExecutor.ExecuteAsync(IEnumerable`1 commandBatches, IRelationalConnection connection, CancellationToken cancellationToken)
   at Microsoft.EntityFrameworkCore.Update.Internal.BatchExecutor.ExecuteAsync(IEnumerable`1 commandBatches, IRelationalConnection connection, CancellationToken cancellationToken)
   at Microsoft.EntityFrameworkCore.Update.Internal.BatchExecutor.ExecuteAsync(IEnumerable`1 commandBatches, IRelationalConnection connection, CancellationToken cancellationToken)
   at Microsoft.EntityFrameworkCore.ChangeTracking.Internal.StateManager.SaveChangesAsync(IList`1 entriesToSave, CancellationToken cancellationToken)
   at Microsoft.EntityFrameworkCore.ChangeTracking.Internal.StateManager.SaveChangesAsync(StateManager stateManager, Boolean acceptAllChangesOnSuccess, CancellationToken cancellationToken)
   at Microsoft.EntityFrameworkCore.SqlServer.Storage.Internal.SqlServerExecutionStrategy.ExecuteAsync[TState,TResult](TState state, Func`4 operation, Func`4 verifySucceeded, CancellationToken cancellationToken)
   at Microsoft.EntityFrameworkCore.DbContext.SaveChangesAsync(Boolean acceptAllChangesOnSuccess, CancellationToken cancellationToken)
2025-12-25 18:02:25.614 +02:00 [WRN] No store type was specified for the decimal property 'Quantity' on entity type 'Ingredient'. This will cause values to be silently truncated if they do not fit in the default precision and scale. Explicitly specify the SQL server column type that can accommodate all the values in 'OnModelCreating' using 'HasColumnType', specify precision and scale using 'HasPrecision', or configure a value converter using 'HasConversion'.
2025-12-25 18:02:25.748 +02:00 [WRN] No store type was specified for the decimal property 'MinimumThreshold' on entity type 'InventoryItem'. This will cause values to be silently truncated if they do not fit in the default precision and scale. Explicitly specify the SQL server column type that can accommodate all the values in 'OnModelCreating' using 'HasColumnType', specify precision and scale using 'HasPrecision', or configure a value converter using 'HasConversion'.
2025-12-25 18:02:25.751 +02:00 [WRN] No store type was specified for the decimal property 'Quantity' on entity type 'InventoryItem'. This will cause values to be silently truncated if they do not fit in the default precision and scale. Explicitly specify the SQL server column type that can accommodate all the values in 'OnModelCreating' using 'HasColumnType', specify precision and scale using 'HasPrecision', or configure a value converter using 'HasConversion'.
2025-12-25 18:02:25.757 +02:00 [WRN] No store type was specified for the decimal property 'Price' on entity type 'MenuItem'. This will cause values to be silently truncated if they do not fit in the default precision and scale. Explicitly specify the SQL server column type that can accommodate all the values in 'OnModelCreating' using 'HasColumnType', specify precision and scale using 'HasPrecision', or configure a value converter using 'HasConversion'.
2025-12-25 18:02:25.761 +02:00 [WRN] No store type was specified for the decimal property 'TotalPrice' on entity type 'Order'. This will cause values to be silently truncated if they do not fit in the default precision and scale. Explicitly specify the SQL server column type that can accommodate all the values in 'OnModelCreating' using 'HasColumnType', specify precision and scale using 'HasPrecision', or configure a value converter using 'HasConversion'.
2025-12-25 18:02:25.764 +02:00 [WRN] No store type was specified for the decimal property 'UnitPrice' on entity type 'OrderItem'. This will cause values to be silently truncated if they do not fit in the default precision and scale. Explicitly specify the SQL server column type that can accommodate all the values in 'OnModelCreating' using 'HasColumnType', specify precision and scale using 'HasPrecision', or configure a value converter using 'HasConversion'.
2025-12-25 18:02:27.279 +02:00 [INF] Executed DbCommand (44ms) [Parameters=[], CommandType='"Text"', CommandTimeout='30']
SELECT CASE
    WHEN EXISTS (
        SELECT 1
        FROM [MenuItems] AS [m]) THEN CAST(1 AS bit)
    ELSE CAST(0 AS bit)
END
2025-12-25 18:02:27.352 +02:00 [INF] Executed DbCommand (13ms) [Parameters=[], CommandType='"Text"', CommandTimeout='30']
SELECT CASE
    WHEN EXISTS (
        SELECT 1
        FROM [Ingredients] AS [i]) THEN CAST(1 AS bit)
    ELSE CAST(0 AS bit)
END
2025-12-25 18:02:27.377 +02:00 [INF] Executed DbCommand (7ms) [Parameters=[], CommandType='"Text"', CommandTimeout='30']
SELECT CASE
    WHEN EXISTS (
        SELECT 1
        FROM [InventoryItems] AS [i]) THEN CAST(1 AS bit)
    ELSE CAST(0 AS bit)
END
2025-12-25 18:02:27.406 +02:00 [INF] Executed DbCommand (8ms) [Parameters=[], CommandType='"Text"', CommandTimeout='30']
SELECT CASE
    WHEN EXISTS (
        SELECT 1
        FROM [Reservations] AS [r]) THEN CAST(1 AS bit)
    ELSE CAST(0 AS bit)
END
2025-12-25 18:02:28.016 +02:00 [ERR] Failed executing DbCommand (60ms) [Parameters=[@p0='?' (DbType = Guid), @p1='?' (DbType = Guid), @p2='?' (DbType = Int32), @p3='?' (DbType = DateTime2), @p4='?' (DbType = Int32)], CommandType='"Text"', CommandTimeout='30']
SET IMPLICIT_TRANSACTIONS OFF;
SET NOCOUNT ON;
INSERT INTO [Reservations] ([Id], [CustomerId], [Guests], [ReservationTime], [Status])
VALUES (@p0, @p1, @p2, @p3, @p4);
2025-12-25 18:02:28.061 +02:00 [ERR] An exception occurred in the database while saving changes for context type 'SmartRestaurant.Infrastructure.Context.AppDbContext'.
Microsoft.EntityFrameworkCore.DbUpdateException: An error occurred while saving the entity changes. See the inner exception for details.
 ---> Microsoft.Data.SqlClient.SqlException (0x80131904): The INSERT statement conflicted with the FOREIGN KEY constraint "FK_Reservations_Users_CustomerId". The conflict occurred in database "SmartRestaurant", table "dbo.Users", column 'Id'.
The statement has been terminated.
   at Microsoft.Data.SqlClient.SqlCommand.<>c.<ExecuteDbDataReaderAsync>b__209_0(Task`1 result)
   at System.Threading.Tasks.ContinuationResultTaskFromResultTask`2.InnerInvoke()
   at System.Threading.ExecutionContext.RunInternal(ExecutionContext executionContext, ContextCallback callback, Object state)
--- End of stack trace from previous location ---
   at System.Threading.ExecutionContext.RunInternal(ExecutionContext executionContext, ContextCallback callback, Object state)
   at System.Threading.Tasks.Task.ExecuteWithThreadLocal(Task& currentTaskSlot, Thread threadPoolThread)
--- End of stack trace from previous location ---
   at Microsoft.EntityFrameworkCore.Storage.RelationalCommand.ExecuteReaderAsync(RelationalCommandParameterObject parameterObject, CancellationToken cancellationToken)
   at Microsoft.EntityFrameworkCore.Storage.RelationalCommand.ExecuteReaderAsync(RelationalCommandParameterObject parameterObject, CancellationToken cancellationToken)
   at Microsoft.EntityFrameworkCore.Update.ReaderModificationCommandBatch.ExecuteAsync(IRelationalConnection connection, CancellationToken cancellationToken)
ClientConnectionId:c4c39542-a93a-48e8-97b1-ec738a4dafb9
Error Number:547,State:0,Class:16
   --- End of inner exception stack trace ---
   at Microsoft.EntityFrameworkCore.Update.ReaderModificationCommandBatch.ExecuteAsync(IRelationalConnection connection, CancellationToken cancellationToken)
   at Microsoft.EntityFrameworkCore.SqlServer.Update.Internal.SqlServerModificationCommandBatch.ExecuteAsync(IRelationalConnection connection, CancellationToken cancellationToken)
   at Microsoft.EntityFrameworkCore.Update.Internal.BatchExecutor.ExecuteAsync(IEnumerable`1 commandBatches, IRelationalConnection connection, CancellationToken cancellationToken)
   at Microsoft.EntityFrameworkCore.Update.Internal.BatchExecutor.ExecuteAsync(IEnumerable`1 commandBatches, IRelationalConnection connection, CancellationToken cancellationToken)
   at Microsoft.EntityFrameworkCore.Update.Internal.BatchExecutor.ExecuteAsync(IEnumerable`1 commandBatches, IRelationalConnection connection, CancellationToken cancellationToken)
   at Microsoft.EntityFrameworkCore.ChangeTracking.Internal.StateManager.SaveChangesAsync(IList`1 entriesToSave, CancellationToken cancellationToken)
   at Microsoft.EntityFrameworkCore.ChangeTracking.Internal.StateManager.SaveChangesAsync(StateManager stateManager, Boolean acceptAllChangesOnSuccess, CancellationToken cancellationToken)
   at Microsoft.EntityFrameworkCore.SqlServer.Storage.Internal.SqlServerExecutionStrategy.ExecuteAsync[TState,TResult](TState state, Func`4 operation, Func`4 verifySucceeded, CancellationToken cancellationToken)
   at Microsoft.EntityFrameworkCore.DbContext.SaveChangesAsync(Boolean acceptAllChangesOnSuccess, CancellationToken cancellationToken)
Microsoft.EntityFrameworkCore.DbUpdateException: An error occurred while saving the entity changes. See the inner exception for details.
 ---> Microsoft.Data.SqlClient.SqlException (0x80131904): The INSERT statement conflicted with the FOREIGN KEY constraint "FK_Reservations_Users_CustomerId". The conflict occurred in database "SmartRestaurant", table "dbo.Users", column 'Id'.
The statement has been terminated.
   at Microsoft.Data.SqlClient.SqlCommand.<>c.<ExecuteDbDataReaderAsync>b__209_0(Task`1 result)
   at System.Threading.Tasks.ContinuationResultTaskFromResultTask`2.InnerInvoke()
   at System.Threading.ExecutionContext.RunInternal(ExecutionContext executionContext, ContextCallback callback, Object state)
--- End of stack trace from previous location ---
   at System.Threading.ExecutionContext.RunInternal(ExecutionContext executionContext, ContextCallback callback, Object state)
   at System.Threading.Tasks.Task.ExecuteWithThreadLocal(Task& currentTaskSlot, Thread threadPoolThread)
--- End of stack trace from previous location ---
   at Microsoft.EntityFrameworkCore.Storage.RelationalCommand.ExecuteReaderAsync(RelationalCommandParameterObject parameterObject, CancellationToken cancellationToken)
   at Microsoft.EntityFrameworkCore.Storage.RelationalCommand.ExecuteReaderAsync(RelationalCommandParameterObject parameterObject, CancellationToken cancellationToken)
   at Microsoft.EntityFrameworkCore.Update.ReaderModificationCommandBatch.ExecuteAsync(IRelationalConnection connection, CancellationToken cancellationToken)
ClientConnectionId:c4c39542-a93a-48e8-97b1-ec738a4dafb9
Error Number:547,State:0,Class:16
   --- End of inner exception stack trace ---
   at Microsoft.EntityFrameworkCore.Update.ReaderModificationCommandBatch.ExecuteAsync(IRelationalConnection connection, CancellationToken cancellationToken)
   at Microsoft.EntityFrameworkCore.SqlServer.Update.Internal.SqlServerModificationCommandBatch.ExecuteAsync(IRelationalConnection connection, CancellationToken cancellationToken)
   at Microsoft.EntityFrameworkCore.Update.Internal.BatchExecutor.ExecuteAsync(IEnumerable`1 commandBatches, IRelationalConnection connection, CancellationToken cancellationToken)
   at Microsoft.EntityFrameworkCore.Update.Internal.BatchExecutor.ExecuteAsync(IEnumerable`1 commandBatches, IRelationalConnection connection, CancellationToken cancellationToken)
   at Microsoft.EntityFrameworkCore.Update.Internal.BatchExecutor.ExecuteAsync(IEnumerable`1 commandBatches, IRelationalConnection connection, CancellationToken cancellationToken)
   at Microsoft.EntityFrameworkCore.ChangeTracking.Internal.StateManager.SaveChangesAsync(IList`1 entriesToSave, CancellationToken cancellationToken)
   at Microsoft.EntityFrameworkCore.ChangeTracking.Internal.StateManager.SaveChangesAsync(StateManager stateManager, Boolean acceptAllChangesOnSuccess, CancellationToken cancellationToken)
   at Microsoft.EntityFrameworkCore.SqlServer.Storage.Internal.SqlServerExecutionStrategy.ExecuteAsync[TState,TResult](TState state, Func`4 operation, Func`4 verifySucceeded, CancellationToken cancellationToken)
   at Microsoft.EntityFrameworkCore.DbContext.SaveChangesAsync(Boolean acceptAllChangesOnSuccess, CancellationToken cancellationToken)
2025-12-25 18:03:27.449 +02:00 [WRN] No store type was specified for the decimal property 'Quantity' on entity type 'Ingredient'. This will cause values to be silently truncated if they do not fit in the default precision and scale. Explicitly specify the SQL server column type that can accommodate all the values in 'OnModelCreating' using 'HasColumnType', specify precision and scale using 'HasPrecision', or configure a value converter using 'HasConversion'.
2025-12-25 18:03:27.501 +02:00 [WRN] No store type was specified for the decimal property 'MinimumThreshold' on entity type 'InventoryItem'. This will cause values to be silently truncated if they do not fit in the default precision and scale. Explicitly specify the SQL server column type that can accommodate all the values in 'OnModelCreating' using 'HasColumnType', specify precision and scale using 'HasPrecision', or configure a value converter using 'HasConversion'.
2025-12-25 18:03:27.503 +02:00 [WRN] No store type was specified for the decimal property 'Quantity' on entity type 'InventoryItem'. This will cause values to be silently truncated if they do not fit in the default precision and scale. Explicitly specify the SQL server column type that can accommodate all the values in 'OnModelCreating' using 'HasColumnType', specify precision and scale using 'HasPrecision', or configure a value converter using 'HasConversion'.
2025-12-25 18:03:27.510 +02:00 [WRN] No store type was specified for the decimal property 'Price' on entity type 'MenuItem'. This will cause values to be silently truncated if they do not fit in the default precision and scale. Explicitly specify the SQL server column type that can accommodate all the values in 'OnModelCreating' using 'HasColumnType', specify precision and scale using 'HasPrecision', or configure a value converter using 'HasConversion'.
2025-12-25 18:03:27.511 +02:00 [WRN] No store type was specified for the decimal property 'TotalPrice' on entity type 'Order'. This will cause values to be silently truncated if they do not fit in the default precision and scale. Explicitly specify the SQL server column type that can accommodate all the values in 'OnModelCreating' using 'HasColumnType', specify precision and scale using 'HasPrecision', or configure a value converter using 'HasConversion'.
2025-12-25 18:03:27.512 +02:00 [WRN] No store type was specified for the decimal property 'UnitPrice' on entity type 'OrderItem'. This will cause values to be silently truncated if they do not fit in the default precision and scale. Explicitly specify the SQL server column type that can accommodate all the values in 'OnModelCreating' using 'HasColumnType', specify precision and scale using 'HasPrecision', or configure a value converter using 'HasConversion'.
2025-12-25 18:03:28.444 +02:00 [INF] Executed DbCommand (75ms) [Parameters=[], CommandType='"Text"', CommandTimeout='30']
SELECT CASE
    WHEN EXISTS (
        SELECT 1
        FROM [MenuItems] AS [m]) THEN CAST(1 AS bit)
    ELSE CAST(0 AS bit)
END
2025-12-25 18:03:28.541 +02:00 [INF] Executed DbCommand (8ms) [Parameters=[], CommandType='"Text"', CommandTimeout='30']
SELECT CASE
    WHEN EXISTS (
        SELECT 1
        FROM [Ingredients] AS [i]) THEN CAST(1 AS bit)
    ELSE CAST(0 AS bit)
END
2025-12-25 18:03:28.558 +02:00 [INF] Executed DbCommand (5ms) [Parameters=[], CommandType='"Text"', CommandTimeout='30']
SELECT CASE
    WHEN EXISTS (
        SELECT 1
        FROM [InventoryItems] AS [i]) THEN CAST(1 AS bit)
    ELSE CAST(0 AS bit)
END
2025-12-25 18:03:28.579 +02:00 [INF] Executed DbCommand (6ms) [Parameters=[], CommandType='"Text"', CommandTimeout='30']
SELECT CASE
    WHEN EXISTS (
        SELECT 1
        FROM [Reservations] AS [r]) THEN CAST(1 AS bit)
    ELSE CAST(0 AS bit)
END
2025-12-25 18:04:04.784 +02:00 [WRN] No store type was specified for the decimal property 'Quantity' on entity type 'Ingredient'. This will cause values to be silently truncated if they do not fit in the default precision and scale. Explicitly specify the SQL server column type that can accommodate all the values in 'OnModelCreating' using 'HasColumnType', specify precision and scale using 'HasPrecision', or configure a value converter using 'HasConversion'.
2025-12-25 18:04:04.856 +02:00 [WRN] No store type was specified for the decimal property 'MinimumThreshold' on entity type 'InventoryItem'. This will cause values to be silently truncated if they do not fit in the default precision and scale. Explicitly specify the SQL server column type that can accommodate all the values in 'OnModelCreating' using 'HasColumnType', specify precision and scale using 'HasPrecision', or configure a value converter using 'HasConversion'.
2025-12-25 18:04:04.859 +02:00 [WRN] No store type was specified for the decimal property 'Quantity' on entity type 'InventoryItem'. This will cause values to be silently truncated if they do not fit in the default precision and scale. Explicitly specify the SQL server column type that can accommodate all the values in 'OnModelCreating' using 'HasColumnType', specify precision and scale using 'HasPrecision', or configure a value converter using 'HasConversion'.
2025-12-25 18:04:04.861 +02:00 [WRN] No store type was specified for the decimal property 'Price' on entity type 'MenuItem'. This will cause values to be silently truncated if they do not fit in the default precision and scale. Explicitly specify the SQL server column type that can accommodate all the values in 'OnModelCreating' using 'HasColumnType', specify precision and scale using 'HasPrecision', or configure a value converter using 'HasConversion'.
2025-12-25 18:04:04.863 +02:00 [WRN] No store type was specified for the decimal property 'TotalPrice' on entity type 'Order'. This will cause values to be silently truncated if they do not fit in the default precision and scale. Explicitly specify the SQL server column type that can accommodate all the values in 'OnModelCreating' using 'HasColumnType', specify precision and scale using 'HasPrecision', or configure a value converter using 'HasConversion'.
2025-12-25 18:04:04.867 +02:00 [WRN] No store type was specified for the decimal property 'UnitPrice' on entity type 'OrderItem'. This will cause values to be silently truncated if they do not fit in the default precision and scale. Explicitly specify the SQL server column type that can accommodate all the values in 'OnModelCreating' using 'HasColumnType', specify precision and scale using 'HasPrecision', or configure a value converter using 'HasConversion'.
2025-12-25 18:04:05.733 +02:00 [INF] Executed DbCommand (36ms) [Parameters=[], CommandType='"Text"', CommandTimeout='30']
SELECT CASE
    WHEN EXISTS (
        SELECT 1
        FROM [MenuItems] AS [m]) THEN CAST(1 AS bit)
    ELSE CAST(0 AS bit)
END
2025-12-25 18:04:05.779 +02:00 [INF] Executed DbCommand (12ms) [Parameters=[], CommandType='"Text"', CommandTimeout='30']
SELECT CASE
    WHEN EXISTS (
        SELECT 1
        FROM [Ingredients] AS [i]) THEN CAST(1 AS bit)
    ELSE CAST(0 AS bit)
END
2025-12-25 18:04:05.793 +02:00 [INF] Executed DbCommand (3ms) [Parameters=[], CommandType='"Text"', CommandTimeout='30']
SELECT CASE
    WHEN EXISTS (
        SELECT 1
        FROM [InventoryItems] AS [i]) THEN CAST(1 AS bit)
    ELSE CAST(0 AS bit)
END
2025-12-25 18:04:05.950 +02:00 [INF] No action descriptors found. This may indicate an incorrectly configured application or missing application parts. To learn more, visit https://aka.ms/aspnet/mvc/app-parts
2025-12-25 18:04:06.003 +02:00 [INF] User profile is available. Using 'C:\Users\User\AppData\Local\ASP.NET\DataProtection-Keys' as key repository and Windows DPAPI to encrypt keys at rest.
2025-12-25 18:04:06.343 +02:00 [INF] Now listening on: https://localhost:7252
2025-12-25 18:04:06.345 +02:00 [INF] Now listening on: http://localhost:5296
2025-12-25 18:04:06.635 +02:00 [INF] Application started. Press Ctrl+C to shut down.
2025-12-25 18:04:06.645 +02:00 [INF] Hosting environment: Development
2025-12-25 18:04:06.654 +02:00 [INF] Content root path: C:\Users\User\source\repos\SmartRestaurant\SmartRestaurant.API
2025-12-25 18:04:07.961 +02:00 [INF] Request starting HTTP/2 GET https://localhost:7252/_framework/aspnetcore-browser-refresh.js - null null
2025-12-25 18:04:07.961 +02:00 [INF] Request starting HTTP/2 GET https://localhost:7252/_vs/browserLink - null null
2025-12-25 18:04:08.059 +02:00 [INF] Request finished HTTP/2 GET https://localhost:7252/_framework/aspnetcore-browser-refresh.js - 200 16523 application/javascript; charset=utf-8 146.6801ms
2025-12-25 18:04:08.252 +02:00 [INF] Request finished HTTP/2 GET https://localhost:7252/_vs/browserLink - 200 null text/javascript; charset=UTF-8 342.1513ms
2025-12-25 18:04:08.363 +02:00 [INF] Request starting HTTP/2 GET https://localhost:7252/swagger/v1/swagger.json - null null
2025-12-25 18:04:08.688 +02:00 [INF] Request finished HTTP/2 GET https://localhost:7252/swagger/v1/swagger.json - 200 null application/json;charset=utf-8 326.9107ms
